mirna	MajorRNA	known	lfc_A	lfc_B	lfc_C	lfc_D	padj_A	padj_B	padj_C	padj_D	baseMean	minCount_A	minCount_B	minCount_C	minCount_D	biotype_best_rank	n_host_loci	targets	n_targets	n_named
BANTAM-3p	UGAGAUCAUUGUGAAAACUGAUU	True	0.57	-1.31	-1.09	-3.49	0.6413	6.868e-06	0.0005807	1.287e-20	3577	573.3	3287	2338	573.3	Intergenic	0	Development: IQCM, TTLL7; Respiratory metabolism: DLD	8	3
Cluster_100	UGUUCCAAUAUUACAGCUGGUU	False	0.05	-3.27	5.36	1.46	0.969	0.06101	3.91e-12	0.1253	39.75	55	2	2	44	Intergenic	0	Development: GCNT1; Biomineralization: HMCN1; Respiratory metabolism: DCPS; Genome maintenance: POLR1A	8	4
Cluster_101	UUAACGUCUGGAUUUUAGUUGC	False	-0.44	-0.71	2.11	1.29	0.7866	0.01068	5.034e-09	0.002332	1.023e+04	1.163e+04	4017	4017	1.163e+04	Intragenic	1	Respiratory metabolism: CTBP1; Immune system: RNF166	4	2
Cluster_102	UUAGCGACAGUCUUUAACCAGG	False	-2.88	-0.1	-8.57	-6.38	0.7935	0.8976	3.315e-10	1.628e-07	24.59	0	53.33	0	0.33	Intergenic	0	Development: KIF12; Respiratory metabolism: CYP2C8; Epigenetics: METTL24	6	3
Cluster_103	UUAGGUGUAGGCAUGUUUCAUA	False	1.94	0.35	-2.41	-4.57	0.7866	0.7089	0.001779	5.322e-05	14.36	0.67	31.33	9	0.67	Intragenic	1	Development: INTS8; Biomineralization: PXDN	7	2
Cluster_108	UUGCGCAAAGAAAAAGGAAGCU	False	-0.39	-0.35	3.71	3.15	0.7866	0.8027	6.086e-10	8.999e-11	50.75	67.33	7.33	7.33	25.67	Intragenic	1	Development: CDK10	3	1
Cluster_11	AGGAUUAAAAGGGCUUGGUGCC	False	0.17	0.75	-3.91	-3.96	0.9296	0.06574	1.642e-17	5.173e-10	73.04	4.67	187	17.33	4.67	Intragenic	1	Respiratory metabolism: CTBP1	4	1
Cluster_111	UUGGACUGUGAAAAUGAUGCUG	False	0.68	-1.67	2.42	-0.58	0.821	0.4058	0.05499	0.5798	5.45	3	1.67	1.67	3	Intragenic	1	Development: CDK10, PCDHGA10; Biomineralization: PCDH11Y, PXDN; Immune system: RNF166	5	5
Cluster_113	UUGUCUGUCAGAUACCAUUGAU	False	-0.19	0.67	2.26	2.62	0.88	0.2608	9.587e-06	5.709e-07	1075	1324	502	502	683	Intragenic	1	Development: GCNT1, TIGD4, SPACA5B; Immune system: RNF166	8	4
Cluster_115	UUUGAUAGAAUUGUUUUGAAGG	False	-0.1	0.11	0.17	-0.09	0.9535	0.9371	0.8491	0.8992	12.03	9.67	16	16	9.67	Intragenic	1	Development: CDK10, GCNT1, PCSK6, PPP2R5D; Epigenetics: H2AZ2	7	5
Cluster_13	AGGUUUUGUAAGAUGGUUAUUGG	False	0.12	-0.39	1.8	0.78	0.9003	0.5289	6.401e-06	0.07666	122.2	118.7	65.33	65.33	118.7	Intergenic	0	Respiratory metabolism: C2CD2L, SDHC	4	2
Cluster_15	AGUUACGAUCGUCUUAGUGCU	False	-0.32	-0.12	2.93	2.61	0.7866	0.8642	2.816e-13	8.952e-10	205.8	253.3	55	55	137.7	Intragenic	1	Development: RPS12, ISY1-RAB43; Immune system: RNF166	8	3
Cluster_17	AUUUACGAUCGUCCCAGCGCUG	False	-0.02	-0.28	-0.27	-1.1	0.9835	0.6529	0.6015	0.03154	57.98	26	69.33	69.33	26	Intragenic	1	Development: RAB32, THOC1; Epigenetics: H2AZ2, METTL24; Biomineralization: ABCG2; Immune system: HSPA12A	11	6
Cluster_19	CAUCUCGUUGGCUUGUGGCCG	False	-0.61	-0.66	3.43	2.91	0.7866	0.7517	6.281e-06	6.672e-06	27.16	28.67	4.67	4.67	17	Intragenic	1	Development: SPACA5B; Growth: CENPM	8	2
Cluster_21	CCUGGUAUCGUCUGGUGCAAGU	False	0.1	-0.3	5.9	4.64	0.9296	0.9371	2.134e-07	4.332e-07	14.36	18.33	0.33	0.33	2.67	Intergenic	0	Development: CDK10, GCNT1, COL2A1, SPACA5B; Immune system: RNF166	11	5
Cluster_26	CUAGGUCACGUGUAAGACGGU	False	-0.46	0.35	-4.36	-4.13	0.7935	0.3219	5.996e-27	3.908e-18	242.1	16.33	576.7	37	16.33	Intragenic	1	Development: SPACA5B; Immune system: RNF166	6	2
Cluster_29	GACGUGUUUGAAGUAUGAUCCU	False	0.02	0.38	1.52	1.44	0.9835	0.8128	0.03004	0.05384	15.69	17	11.33	11.33	17	Intragenic	1	Growth: RPS12, PCDH11Y; Respiratory metabolism: IBA57; Immune system: RNF166	10	4
Cluster_32	GGUGAGUGUAUGCUUAGGUUGGUG	False	0.38	-0.53	-1.16	-2.6	0.7866	0.2027	0.001022	1.384e-08	304.9	73.33	359	252.3	73.33	Intergenic	1	Development: ANKIB1; Biomineralization: SEC31A; Respiratory metabolism: SDHC; Genome maintenance: POLR1A (+1 more)	7	5
Cluster_39	UAAUCUCAGCUGGUAAUUCCGAG	False	0.25	-0.49	-0.57	-1.83	0.7866	0.1135	0.08521	1.728e-06	5763	2126	6886	6477	2126	Intragenic	1	Development: GCNT1, PCSK6, RAB32; Respiratory metabolism: NSUN4	10	4
Cluster_43	UAGCACCAGAUUAUGUCAGAUG	False	0.04	-0.05	4.28	3.73	0.9566	0.9481	5.887e-26	4.137e-15	161.5	239	20.33	20.33	53.33	Intergenic	0	Development: ANKRD55	4	1
Cluster_44	UAGCACCAGCAAAUGCUAGGGU	False	0	-0.75	4.66	3.37	0.999	0.8027	2.69e-07	6.574e-06	15.89	22.33	1.33	1.33	6.33	Intergenic	0	Development: ANKRD55; Genome maintenance: POLR1A	5	2
Cluster_47	UAGCACUAGCAAAUGCUUGAGG	False	0.74	-2.98	9.56	5.44	0.7866	0.1285	9.982e-20	0.001087	684.5	962.3	3	3	65.67	Intergenic	0	Development: RPS12, SPOPL; Biomineralization: SLC10A5; Immune system: RNF166; Epigenetics: H2AZ2	7	5
Cluster_48	UAGCACUAUCAAAUGCAAGGGG	False	0.25		6.65	8.17	0.88	1	3.979e-07	1.321e-08	13.04	17.67	0	0	0	Intergenic	0	Development: RPS12, SPOPL; Biomineralization: SLC10A5; Immune system: RNF166; Epigenetics: H2AZ2	7	5
Cluster_49	UAGCACUAUCAAAUGCCAGGGG	False	-0.28		7.24	9.25	0.821	1	1.255e-08	1.684e-11	22.86	40	0	0	0	Intergenic	0	Development: RPS12, SPOPL; Biomineralization: SLC10A5; Immune system: RNF166; Epigenetics: H2AZ2	8	5
Cluster_50	UAGCACUAUCAAAUGCGAGGGG	False	-0.4		5.79	7.93	0.821	1	2.463e-05	8.603e-08	8.7	16	0	0	0	Intergenic	0	Development: RPS12, SPOPL; Biomineralization: SLC10A5; Immune system: RNF166; Epigenetics: H2AZ2	7	5
Cluster_51	UAGCACUAUCAAAUGCUAGGGG	False	0.46		7.8	9.03	0.7866	1	5.77e-10	8.999e-11	26.79	34.67	0	0	0	Intergenic	0	Development: RPS12, SPOPL; Biomineralization: SLC10A5; Immune system: RNF166; Epigenetics: H2AZ2	8	5
Cluster_52	UAGCACUUACCUAUGCUGGGGA	False	-0.08	0.29	8.18	8.03	0.9076	0.7648	1.855e-103	1.221e-78	3776	5480	31.33	31.33	66.33	Intergenic	0	Development: RPS12, SPOPL, ARHGAP12/ARHGAP15; Biomineralization: SLC10A5, SEC31A; Respiratory metabolism: DLD (+2 more)	10	8
Cluster_53	UAGCACUUACUGAUGCUGGGGA	False	0.22	1.07	8.49	8.78	0.7973	0.08489	3.035e-118	3.472e-117	6213	8263	44	44	57	Intergenic	0	Development: RPS12, SPOPL; Biomineralization: SLC10A5, SEC31A; Respiratory metabolism: DLD; Immune system: RNF166 (+1 more)	9	7
Cluster_54	UAGCACUUACUUAUGCUGGGGA	False	0.29	0.51	7.97	7.48	0.7866	0.6484	1.716e-65	3.198e-65	2513	3309	23.67	23.67	57	Intergenic	0	Development: RPS12, SPOPL; Growth: RBCK1; Biomineralization: SLC10A5, SEC31A; Immune system: RNF166 (+1 more)	9	7
Cluster_55	UAGCACUUCCAGAUGCUGGGGU	False	0.32	-1.19	12.55	10.08	0.9081	0.8262	6.645e-35	5.368e-05	1330	2311	0.33	0.33	6.67	Intergenic	0	Development: IQCM, RPS12, SPOPL; Biomineralization: SLC10A5, SEC31A; Immune system: RNF166 (+1 more)	9	7
Cluster_56	UAGCACUUGUAAAUGCCGGGCUC	False	0.21	-0.59	4.81	3.54	0.8453	0.2351	3.008e-38	1.753e-14	824.8	1196	72.33	72.33	293	Intergenic	0	Biomineralization: SLC10A5, HMCN1, SEC31A; Development: RPS12, SPOPL; Immune system: RNF166 (+1 more)	9	7
Cluster_57	UAGCACUUUUUGAUACUAGGAU	False	1.95	4.37	5.23	6.85	0.495	0.4564	3.22e-07	7.4e-05	11.82	8	0	1	0	Intergenic	0	Development: RPS12, SPOPL; Biomineralization: SLC10A5, SEC31A; Respiratory metabolism: DLD; Immune system: RNF166 (+1 more)	9	7
Cluster_58	UAGGACUACCAAAUGCUAGGAG	False	-0.37	-1.2	4.74	3.43	0.7866	0.4661	2.907e-14	2.522e-11	50.51	77.67	4	4	21.67	Intergenic	0	Development: RPS12, SPOPL; Biomineralization: SLC10A5; Immune system: RNF166; Epigenetics: H2AZ2	7	5
Cluster_6	ACGGUAGAACUGUAAACAGAUG	False	-0.07	0.68	-3.68	-3.48	0.9607	0.06358	7.89e-16	1.711e-11	116.5	11.67	286.3	28.67	11.67	Intragenic	1	Development: THOC1; Immune system: RNF166	4	2
Cluster_63	UAUCACAGUAUGAUACUGGGGU	False	1.13		7.13	7.69	0.821	1	3.611e-08	0.0664	14.7	19.33	0	0	0	Intergenic	0	Development: SBDS, TIGD4, ARHGAP12/ARHGAP15, SPACA5B; Growth: CENPB; Immune system: PARP14 (+4 more)	19	10
Cluster_64	UAUCACAGUUUGAUACUGGGGU	False	-0.23	-0.31	5.94	5.5	0.8449	0.8659	2.075e-23	4.992e-32	152.1	217.7	5.67	5.67	16.33	Intergenic	0	Development: SBDS, TIGD4, ARHGAP12/ARHGAP15, SPACA5B; Growth: CENPB; Immune system: PARP14 (+4 more)	19	10
Cluster_66	UAUUCAGGGGAUCAUUGGUGAC	False	-0.83	0.64	0.11	1.13	0.7736	0.5226	0.8491	0.06175	32.93	30	35.67	35.67	30	Intragenic	1	Development: COL2A1, SLCO3A1, SPACA5B, THOC1; Respiratory metabolism: C2CD2L; Immune system: RNF166	10	6
Cluster_7	ACUAGUAUUUGCACUGUGCUUGC	False	0.66	-0.61	5.44	3.66	0.6413	0.2946	1.187e-46	1.437e-16	656.8	645.3	42	42	170.3	Intergenic	0	Development: ANKRD55, RPS12, SPOPL, SPACA5B; Biomineralization: SLC10A5; Immune system: RNF166 (+2 more)	18	8
Cluster_71	UCGAGUAUUUGCACUGUGCUUGC	False	-0.31	-4.42	7.82	3.14	0.821	9.431e-05	3.122e-24	4.144e-07	158.9	223.3	1.33	1.33	74.67	Intergenic	0	Development: RPS12, SPOPL; Biomineralization: SLC10A5; Immune system: RNF166; Epigenetics: H2AZ2	7	5
Cluster_73	UCUCGGCACUAUGACUGUGUUG	False	0.19	0.48	1.48	1.24	0.9122	0.7619	0.04723	0.1498	12.04	12.33	8	8	12.33	Intragenic	1	Biomineralization: ABCC1; Respiratory metabolism: SLCO2B1; Genome maintenance: TYW5	7	3
Cluster_74	UCUCGUAUCUUUCUUGUGAUGAC	False	-0.36	-4.62	8.95	4.2	0.9076	0.000161	2.043e-37	0.00992	477.4	1008	2	2	149.7	Intergenic	0	Development: SBDS, TIGD4, ARHGAP12/ARHGAP15, SPACA5B; Growth: CENPB; Immune system: PARP14 (+4 more)	19	10
Cluster_75	UCUGGUAUCAUUCCCGUGAUGGC	False	0.35	-0.32	6.2	5.06	0.7866	0.803	1.254e-48	1.753e-14	1090	1468	42.67	42.67	153	Intergenic	0	Development: SBDS, TIGD4, ARHGAP12/ARHGAP15, SPACA5B; Growth: CENPB; Immune system: PARP14 (+4 more)	19	10
Cluster_76	UCUGGUUCACUUCAUGUUGACA	False	-0.36	0.43	3.09	3.36	0.7866	0.5926	4.809e-13	2.171e-14	154.5	180.3	37	37	67	Intragenic	1	Development: CDK10, TIGD4, THOC1; Respiratory metabolism: CTBP1, NSUN4, PXMP4 (+3 more)	17	9
Cluster_77	UCUUGACUGUAGCACACGAUCG	False	-0.37	-0.16	2.37	2.05	0.7866	0.8112	3.676e-08	2.701e-06	137.6	158	48.33	48.33	131.3	Intragenic	1	Development: IQCM, KIF12, RAB32, INTS8, LRP1; Biomineralization: SLC46A1 (+3 more)	16	9
Cluster_82	UGACUUCGGACUGCGCAGGAGG	False	-1.27	-0.54	-5.24	-5.12	0.484	0.1327	2.406e-39	2.543e-18	2.725e+04	791.3	4.532e+04	1501	791.3	Intragenic	1	Development: CDK10, MAP11, TBC1D23, THOC1; Growth: CENPM, ECT2 (+4 more)	15	10
Cluster_85	UGAGACUGUAGAGUGAGACCCU	False	-0.35	-1.05	2.77	1.55	0.8744	0.6484	0.006839	0.0699	7.77	10.33	2	2	10.33	Intergenic	0	Respiratory metabolism: BCO1; Immune system: RNF166; Epigenetics: H2AZ2	6	3
Cluster_89	UGAUCCGCUCCAAGACUCUGGA	False	-0.71	-0.27	1.45	1.33	0.7866	0.7956	0.0164	0.01935	76.58	68.33	47	47	68.33	Intragenic	1	Development: IQCM, SPOPL; Genome maintenance: TYW5	5	3
Cluster_92	UGCUUCAUGGCUGUCGGUCAGU	False	-0.28	-1.1	1.88	0.53	0.88	0.4075	0.02181	0.4197	16.5	15	7	7	15	Intergenic	0	Development: ANKRD55, GCNT1, RPS12, TIGD4; Biomineralization: HRH3; Respiratory metabolism: TFB1M (+1 more)	16	7
LET-7-5p	UGAGGUAGUAGAUUGUAUAGUU	True	-2.39	2.69	-2.05	2.37	0.007773	0.09945	0.1182	0.0001987	1554	920	502.3	502.3	1077	Intragenic	1	Development: CDK10; Growth: CENPM; Immune system: RNF166	9	3
MIR-1-3p	UGGAAUGUAAAGAAGUAUGUAU	True	-0.97	0.68	-2.08	-1.01	0.5356	0.03622	1.869e-09	0.0562	3.392e+04	1.005e+04	5.463e+04	2.076e+04	1.005e+04	Intergenic	0	Biomineralization: SEC31A	4	1
MIR-10-3p	UUCUCGUUUCACAGGGUAUAUU	True	-0.21	0.77	-2.32	-1.69	0.9535	0.5573	0.01637	0.09703	7.685	2.67	20.67	6	2.67	Intergenic	0	Growth: CENPM; Biomineralization: ABCC1; Respiratory metabolism: HM13	11	3
MIR-10-5p	AACCCGUAGAUCCGAACUUGUG	True	-0.49	0.79	0.73	1.44	0.7866	0.03565	0.05164	0.0003313	3067	2780	2104	2104	2780	Intragenic	1	Immune system: RNF166, PTGER4; Development: ISY1-RAB43; Respiratory metabolism: DCPS	6	4
MIR-10-5p	UACCCUGUAGAUCCGAAUUUGU	True	-1.87	0.93	-3.55	-1.36	0.03946	0.01001	3.746e-20	0.01827	2751	587.7	4663	716.3	587.7	Intergenic	1	Respiratory metabolism: C2CD2L, TFB1M; Development: MAP11; Biomineralization: ABCG2; Immune system: RNF166	8	5
MIR-10492a-5p	AGCUGCCUGAUGAAGAGCUGUUC	True	0.58	0.13	1.02	0.06	0.6922	0.7619	0.001519	0.888	912.7	613	747.3	747.3	613	Intragenic	1	Development: IQCM, FAU, PCDHGA10; Respiratory metabolism: C2CD2L; Immune system: C1GALT1; Epigenetics: METTL24	12	6
MIR-1175-3p	UGAGAUUCAACUCCUCCAACUGC	True	0.92	0.73	-2.25	-2.89	0.6413	0.07318	1.995e-09	7.028e-10	371.1	51	804.3	267.7	51	Intragenic	1	Development: ANKIB1, THOC1; Respiratory metabolism: SLCO2B1	6	3
MIR-12-5p	AAGUUGGAUGUACAAACCA	True	0.75	-0.43	1.01	-0.63	0.7866	0.7226	0.1177	0.4197	15.39	8	11.67	11.67	8	Intragenic	1	Development: ANKRD55, IQCM, TTLL7, ARHGAP12/ARHGAP15, LRP1, MED31 (+2 more)	14	8
MIR-124-3p	UAAGGCACGCGGUGAAUGCCA	True	-2.53	-0.05	-4.38	-2.76	0.484	0.9371	2.234e-10	0.001059	55.08	5.33	111.7	6	5.33	Intergenic	0	Development: SPOPL, TTLL7, ARHGAP12/ARHGAP15, MED31, PCDHGA10; Respiratory metabolism: DLD (+4 more)	18	10
MIR-133-3p	UUGGUCCCCUUCAACCAGCUGU	True	-2.73	1.26	-4.84	-1.44	0.01139	2.789e-05	5.974e-48	0.05568	2118	264	4571	273.3	264	Intergenic	0	Respiratory metabolism: TFB1M; Immune system: C1GALT1; Epigenetics: H2AZ2	7	3
MIR-137-3p	UUAUUGCUUGAGAAUACACGUA	True	-0.09	-0.44	-2.41	-3.29	0.9296	0.2032	3.315e-10	2.162e-13	247.4	34.67	361.3	104	34.67	Intergenic	1	Respiratory metabolism: C2CD2L, NSUN4; Immune system: RNF166	10	3
MIR-153-3p	UUGCAUAGUCACAAAAGUGAUC	True	-0.46	-1.56	-2.9	-4.51	0.7866	9.431e-05	6.372e-15	1.113e-20	756.3	60.33	754	141.3	60.33	Intragenic	1	Development: ANKIB1; Biomineralization: SLC46A1	3	2
MIR-184-3p	UCAGCUGUCAUGAUGCCUUCGA	True	0.92	0.88	-3.44	-3.93	0.821	0.2037	1.163e-07	5.368e-05	20.86	1.33	52.67	6.67	1.33	Intragenic	1	Development: ANKIB1, RAB32, TIGD4, TTLL7; Respiratory metabolism: CTBP1, CYP2C8 (+2 more)	14	8
MIR-184-3p	UGGACGGAGAACUGAUAAGGGC	True	-0.13	-0.38	1.99	1.15	0.9003	0.2825	3.976e-07	0.007723	2e+05	1.887e+05	9.655e+04	9.655e+04	1.887e+05	Intragenic	1	Development: CDK10, COL2A1	4	2
MIR-190-5p	AGAUAUGUUUGAUAUAUUUGGUG	True	0.44	-1.65	-0.37	-2.99	0.7866	2.789e-05	0.3119	3.063e-11	1692	423.7	1039	1039	423.7	Intragenic	2	Development: SBDS; Respiratory metabolism: CTBP1; Immune system: RNF166	5	3
MIR-193-3p	UACUGGCCUGCAAAAUCCCAAC	True	-1.17	0.61	-6.64	-5.69	0.7866	0.09223	2.196e-58	7.928e-17	414	6.33	890	15	6.33	Intragenic	1	Development: ANKRD55, LRP1; Biomineralization: HMCN1; Immune system: HSPA12A; Genome maintenance: POLR1A	12	5
MIR-193-3p	UAGGCUUUCUUGGAGCAUUCGUG	True	0.73	-0.75	-3.37	-5.41	0.9296	0.606	0.02198	0.0002341	5.71	0	9.33	1.33	0	Intergenic	0	Development: GEM; Biomineralization: HMCN1; Immune system: RNF166; Genome maintenance: POLR1A	8	4
MIR-1984-5p	UGCCCUAUCCGUCAGGAACUGUG	True	-0.54	-0.85	-2.79	-3.66	0.7353	0.000813	1.291e-16	5.508e-23	5.101e+04	6574	6.004e+04	1.295e+04	6574	Intergenic	0	Development: PCSK6, LRP1; Immune system: PARP14	4	3
MIR-1985-5p	UGCCAUUUUUAUCAGUCACUGUG	True	-0.45	-0.96	-2.18	-3.25	0.7935	0.07318	7.131e-07	1.44e-08	221.1	28.67	187	84.67	28.67	Intergenic	0	Respiratory metabolism: DLD; Immune system: NFKB1	6	2
MIR-1986-3p	CGCGGACCGUGGGGACUCCACA	True	-0.5	-0.23	4.86	4.55	0.7866	0.7044	2.594e-29	1.711e-26	3130	4056	262.3	262.3	642.3	Intergenic	0	Development: GCNT1, MFSD2A; Growth: CENPB; Respiratory metabolism: DCPS; Immune system: C1GALT1	9	5
MIR-1986-3p	CGCGGGUCGUGGGGGCGCCACA	True	-0.23	-0.33	2.94	2.27	0.821	0.6484	2.141e-10	3.934e-07	442.1	458.3	123.7	123.7	348.3	Intergenic	0	Development: CDK10, GCNT1, MFSD2A; Respiratory metabolism: DCPS, PXMP4; Biomineralization: SLC10A5 (+2 more)	14	8
MIR-1988-5p	AGUGGUUUUCCGUUGCACAUGC	True	-1.31	-1.24	-2.54	-2.99	0.6413	0.01001	1.524e-06	2.018e-09	80.55	17.33	66	19.33	17.33	Intragenic	1	Respiratory metabolism: CTBP1, SDHC, IBA57; Development: ANKRD55, PPP2R5D; Immune system: RNF166	11	6
MIR-1989b-5p	UUGCGUAGGCGUUGUGCACAGA	True	-0.54	-0.93	2.23	1.3	0.7353	4.575e-05	1.472e-10	0.0009075	6.271e+04	6.808e+04	2.237e+04	2.237e+04	6.808e+04	Intergenic	0	Development: THOC1; Growth: CENPM; Biomineralization: ABCG2; Immune system: RNF166	8	4
MIR-1990	CGGGACUACGUCAACUACUUGC	True	-0.44	0.63	0.87	1.39	0.7866	0.01001	0.007448	0.0003869	3.346e+04	3.066e+04	2.923e+04	2.923e+04	3.066e+04	Intergenic	0	Epigenetics: H2AZ2	4	1
MIR-1992-3p	UCAGCAGUUGUACCACUGAUUUG	True	0.33	-1	1	-0.82	0.7935	0.01068	0.009607	0.09703	141.8	98.33	98.67	98.67	98.33	Intragenic	1	Development: IQCM, ARHGAP12/ARHGAP15; Respiratory metabolism: CTBP1; Immune system: PARP14; Genome maintenance: TYW5 (+1 more)	10	6
MIR-1993-3p	UAUUAUGCUGCUAUUCACGAGA	True	-0.59	-0.19	-3.91	-4.03	0.7353	0.6484	2.203e-30	4.975e-24	4429	350	8139	735.7	350	Intergenic	0	Development: GCNT1, PCSK6; Biomineralization: ABCC1; Respiratory metabolism: TFB1M; Immune system: RNF166	10	5
MIR-1994-3p	UGAGACAGUGUGUCCUCCCUCA	True	-0.18	0.57	-0.61	-0.35	0.8449	0.219	0.06403	0.4579	1.169e+04	6415	1.801e+04	1.702e+04	6415	Intergenic	0	Development: SBDS, COL2A1; Immune system: RNF166	9	3
MIR-1994-3p	UGAGACAGUGUGUCCUCCCUUG	True	0.27	0.77	0.49	0.47	0.7866	0.01348	0.1182	0.2247	4375	2963	4958	4958	2963	Intergenic	0	Development: IQCM, PCSK6, TTLL7, ARHGAP12/ARHGAP15, LRP1; Biomineralization: SLC10A5 (+6 more)	24	12
MIR-2-3p	UAUCACAGCCAGCUUUGAUGACA	True	0.43	0.55	0.1	-0.28	0.7866	0.07335	0.7827	0.5067	1302	774.3	1568	1568	774.3	Intragenic	1	Development: SBDS, TIGD4, ARHGAP12/ARHGAP15, SPACA5B; Growth: CENPB; Immune system: PARP14 (+4 more)	17	10
MIR-2-3p	UAUCACAGCCAGCUUUGAUGAGCU	True	0.35	-1.22	2.33	0.26	0.7866	9.431e-05	9.058e-13	0.5285	3350	3028	1183	1183	3028	Intragenic	1	Development: IQCM, RAB32, SBDS, TIGD4, TTLL7, ARHGAP12/ARHGAP15 (+19 more)	51	25
MIR-2-3p	UAUCACAGCCUGCUUGGAUCAGU	True	0.5	0.16	0.08	-0.72	0.7866	0.6627	0.842	0.09021	936.8	519.3	1054	1054	519.3	Intragenic	1	Development: IQCM, RAB32, TIGD4, TTLL7, ARHGAP12/ARHGAP15, COL2A1 (+14 more)	38	20
MIR-2001-5p	UUGUGACCGUUAUAAUGGGCAUU	True	0.32	-0.89	0.84	-0.89	0.7866	0.0001847	0.006761	0.01521	925.8	518.7	670.3	670.3	518.7	Intergenic	0	Development: GCNT1, KIF12, PCSK6, ARHGAP12/ARHGAP15, TBC1D23, THOC1 (+6 more)	18	12
MIR-216	UAAUCUCAGCUGGUAAUUCUGA	True	-0.3	-0.43	-1.92	-2.58	0.7866	0.1611	5.034e-09	3.203e-11	1694	356.7	2595	920.3	356.7	Intragenic	1	Development: THOC1; Growth: PCDH11Y	5	2
MIR-216-5p	UAAUAUCAGCUGGUAAUCCUGAG	True	0.41	1.07	-0.1	0.09	0.7866	0.003885	0.8249	0.8422	170	108.7	259.3	259.3	108.7	Intragenic	1	Immune system: PARP14, RNF166; Development: ARHGAP12/ARHGAP15; Biomineralization: HMCN1; Respiratory metabolism: CTBP1	13	5
MIR-219	AGAACUGUGUAUGGACAUCAGU	True	0.13	-0.51	1.65	0.5	0.88	0.2227	5.079e-06	0.2185	273	218.7	161.3	161.3	218.7	Intergenic	0	Respiratory metabolism: BCO1; Immune system: RNF166	4	2
MIR-22-3p	GAGCUGCCAAAUGAAGGGCUGU	True	0.5	-0.34	1.89	0.54	0.7353	0.278	2.65e-09	0.1679	518.8	419	281	281	419	Intragenic	1	Development: PCSK6, ARHGAP12/ARHGAP15, LRP1; Growth: CENPM; Respiratory metabolism: C2CD2L, DLD (+2 more)	16	8
MIR-242	UGGACGGAAAACUGAUAAGGGC	True	0.18	-0.4	1.85	0.7	0.8449	0.2775	5.588e-07	0.1181	7.251e+04	6.47e+04	3.852e+04	3.852e+04	6.47e+04	Intragenic	1	Development: KIF12, PCSK6, RPS12, FAU, INTS8; Respiratory metabolism: CTBP1 (+1 more)	14	7
MIR-242-5p	UUGCGUAGGCGUUGUGCACAGU	True	-0.23	-0.86	2.14	0.96	0.7866	6.868e-06	1.754e-12	0.008269	2.373e+04	2.455e+04	9247	9247	2.455e+04	Intergenic	0	Development: THOC1; Growth: CENPM; Biomineralization: ABCG2; Immune system: RNF166	8	4
MIR-252-5p	AUAAGUAGUGGUGCCGCAGGUA	True	-0.12	-0.27	0.33	-0.36	0.9003	0.4494	0.3528	0.3743	1013	595	997.7	997.7	595	Intergenic	0	Development: GCNT1, MED31; Immune system: NFKB1	8	3
MIR-252-5p	GCUCUCUGAUUGGUUCACCUUC	True		-0.6	-6.55	-5.69	1	0.6075	2.463e-05	7.986e-05	7.95	0	11	0	0	Intragenic	1	Development: KIF12, SBDS, TBC1D23; Biomineralization: SEC31A; Respiratory metabolism: CTBP1; Epigenetics: METTL24	15	6
MIR-2722	UGGCGCCGUGGAAACAUCUACC	True	-0.75	-1.26	-3.63	-4.76	0.7866	3.175e-07	9.291e-16	3.72e-25	506.4	32.33	572.7	57.33	32.33	Intragenic	1	Immune system: RNF166	3	1
MIR-277b-3p	UAAAUGCAUCAUCUGGUAUCUGA	True	0.43	1.01	-1.78	-1.73	0.7866	0.03565	2.449e-08	0.001269	581.5	162	1175	517.7	162	Intragenic	1	Respiratory metabolism: PXMP4; Genome maintenance: POLR1A	5	2
MIR-278-3p	UCGGUGGGACUUUCGUUCGUCU	True	-0.49	0.99	-3.05	-2.16	0.7866	0.003082	4.629e-11	4.657e-06	1.003e+04	1581	2.522e+04	3700	1581	Intergenic/Intragenic	1	Development: RAB32, TTLL7; Immune system: HM13, HSPA12A; Biomineralization: HMCN1	10	5
MIR-279-3p	UGACUAGAUCCACACUCAUCC	True	-0.88	0.17	0.71	1.21	0.484	0.5962	0.03598	0.007263	1.316e+05	1.178e+05	1.04e+05	1.04e+05	1.178e+05	Intergenic	1	Immune system: RNF166	2	1
MIR-281	UGUCAUGGAGUUGCUCUCUUUA	True	-0.57	0.59	-3.2	-2.57	0.7866	0.06842	1.486e-21	3.871e-08	436.7	62.67	988.7	149	62.67	Intragenic	1	Development: CDK10, GEM; Biomineralization: SLC46A1, TPO; Immune system: RNF166	10	5
MIR-29-3p	UAGCACCAUUUGAAAUCAGUGC	True	0.3	-0.74	1.71	0.19	0.7952	0.1327	0.0001149	0.6533	249.8	206.3	156.3	156.3	206.3	Intragenic	1	Development: PCSK6, RAB32, ARHGAP12/ARHGAP15, COL2A1, PCDHGA10; Biomineralization: ABCC1 (+6 more)	20	12
MIR-29-3p	UAGCACCAUUUGAAAUCAGUUU	True	0.57	0.65	-0.59	-0.98	0.7736	0.09992	0.08247	0.03004	1515	641	2342	2342	641	Intragenic	1	Development: PCSK6, RAB32, ARHGAP12/ARHGAP15, COL2A1, PCDHGA10; Biomineralization: ABCC1 (+6 more)	20	12
MIR-31-5p	AGGCAAGAUGUUGGCAUAGCUGA	True	0.09	0.77	-2.89	-2.74	0.9076	0.000695	2.459e-18	1.615e-14	2393	355	5435	1065	355	Intergenic	0	Development: TBC1D23; Biomineralization: SLC10A5; Immune system: HSPA12A	8	3
MIR-315-5p	UUUUGAUUGUUGCUCAGAAAGCC	True	0.24	-1.67	-1.22	-3.66	0.7935	6.656e-06	0.0002966	8.134e-19	7.273e+04	1.175e+04	5.766e+04	3.661e+04	1.175e+04	Intergenic	0	Development: GCNT1, PCSK6; Growth: RBCK1; Respiratory metabolism: CTBP1; Epigenetics: H2AZ2	12	5
MIR-317-3p	UGAACACAGCUGGUGGUAUCUUCU	True	0.34	0.93	-1.06	-0.93	0.7935	0.0222	0.004563	0.05384	402.3	171.3	683.3	554	171.3	Intergenic	1	Development: CDK10, KIF12, MED31, NOL6; Respiratory metabolism: CTBP1; Immune system: RNF166 (+1 more)	14	7
MIR-33-5p	GUGCAUUGUAGUUGCAUUGCA	True	0.32	0.05	0.2	-0.76	0.9122	0.967	0.8491	0.5068	7.04	3.33	4	4	3.33	Intragenic	1	Development: KIF12, THOC1; Growth: CENPM; Immune system: RNF166, NFKB1; Biomineralization: ABCC1 (+1 more)	11	7
MIR-34-5p	UGGCAGUGUGGUUAGCUGGUUGU	True	0.12	-0.14	-0.83	-1.62	0.9065	0.7354	0.031	5.322e-05	2175	844.3	2650	2300	844.3	Intragenic	1	Development: CDK10, GCNT1, SBDS, TTLL7, MED31, THOC1 (+11 more)	30	17
MIR-375-3p	UUUGUUCGUUCGGCUCGCGUUA	True	-0.19	0.63	-3.06	-2.76	0.821	0.03565	2.009e-23	4.136e-13	1935	289	4496	739	289	Intergenic	0	Development: RAB32, MED31, PCDHGA10, THOC1; Respiratory metabolism: C2CD2L, KLF15 (+3 more)	17	9
MIR-67-3p	UCACAACCUGCAUGAAUGAGGAC	True	0.37	-0.49	-1.58	-2.96	0.7866	0.2134	1.315e-06	4.538e-13	4759	915	6163	3172	915	Intragenic	1	Development: KIF12, PCSK6, ARHGAP12/ARHGAP15, FAU; Biomineralization: ABCG2, HMCN1 (+4 more)	15	10
MIR-7-5p	UGGAAGACUAGUGAUUUUGUUGUU	True	0.9	-0.88	0.84	-1.49	0.2907	0.01661	0.01847	0.000423	5.084e+04	2.285e+04	3.259e+04	3.259e+04	2.285e+04	Intragenic	1	Growth: CENPM, ECT2; Immune system: RNF166	3	3
MIR-71-5p	UGAAAGACAUGGGUAGUGAGAUG	True	0.35	-0.04	1.37	0.42	0.7866	0.9037	2.101e-05	0.268	3.192e+04	2.438e+04	2.106e+04	2.106e+04	2.438e+04	Intragenic	1	Development: LRP1; Biomineralization: SLC10A5; Respiratory metabolism: CTBP1; Immune system: RNF166	7	4
MIR-745	CUAAGUACUGGUGCCGCAGGA	True	-0.66	0.26	-0.87	-0.51	0.6922	0.4075	0.01034	0.2554	1817	884.7	2589	1920	884.7	Intergenic	0	Development: GCNT1	6	1
MIR-750-3p	CCAGAUCUAACUCUUCCAGCUCA	True	0.21	0.14	-1.25	-1.84	0.7935	0.7828	4.549e-05	8.67e-06	2046	632.7	3313	1956	632.7	Intragenic	1	Respiratory metabolism: C2CD2L, BCO1; Development: RPS12; Biomineralization: ABCG2; Immune system: RNF166	7	5
MIR-76-3p	UUCGUUGUCGUCGAAACCUGCCU	True	0.14	0.82	-3.34	-3.22	0.88	0.000813	7.839e-27	2.032e-16	2446	255	5404	823	255	Intergenic	1	Development: PCSK6, THOC1; Biomineralization: PXDN	9	3
MIR-8-3p	UAAUACUGUCAGGUAAAGAUGUC	True	0.2	-0.62	0.51	-0.83	0.821	0.002646	0.08247	0.02888	3.169e+04	1.932e+04	2.697e+04	2.697e+04	1.932e+04	Intragenic	1	Biomineralization: ABCC1, PCDH11Y, SEC31A; Development: TIGD4; Respiratory metabolism: CTBP1; Immune system: RNF166	9	6
MIR-87-3p	GUGAGCAAAGUUUCAGGUGUAU	True	0.47	0.74	-1.18	-1.43	0.7866	0.01661	0.001455	0.0006166	515.1	152.3	931	579.7	152.3	Intragenic	1	Development: ARHGAP12/ARHGAP15, ISY1-RAB43, LRP1, PCDHGA10; Immune system: RNF166, C1GALT1 (+3 more)	19	9
MIR-9	UCUUUGGUUAUCUAGCUGUAUGA	True	0.21	-0.68	1.07	-0.35	0.8071	0.03565	0.0008169	0.4165	3.586e+04	2.665e+04	2.483e+04	2.483e+04	2.665e+04	Intragenic	1	Development: SPACA5B	5	1
MIR-92-3p	AAUUGCACUCGUCCCGGCCUGC	True	-0.33	0.03	0.87	0.69	0.7866	0.9371	0.00633	0.06171	2.543e+04	2.296e+04	2.106e+04	2.106e+04	2.296e+04	Intergenic	0	Development: TIGD4, ARHGAP12/ARHGAP15, SLCO3A1; Immune system: PARP14, RNF166, ZNFX1 (+3 more)	17	9
MIR-92-3p	AAUUGCACUUGUCCCGGCCUGC	True	-0.26	0.03	1.11	0.86	0.7866	0.9371	0.0003153	0.01964	1.019e+04	1.002e+04	7233	7233	1.002e+04	Intergenic	0	Development: GCNT1, TIGD4, ARHGAP12/ARHGAP15; Biomineralization: ABCC1, PXDN; Respiratory metabolism: KLF15 (+3 more)	14	9
MIR-92-3p	UAUUGCACUCGUCCCGGCCUAU	True	-0.27	1.04	-0.6	0.24	0.7935	0.01165	0.0737	0.5863	1419	934	2352	2196	934	Intergenic	1	Development: TIGD4, ARHGAP12/ARHGAP15, SLCO3A1; Immune system: PARP14, RNF166; Biomineralization: SLC46A1 (+1 more)	10	7
MIR-96-5p	AAUGGCACUGGUAGAAUUCACGGG	True	0.68	-0.21	4.01	2.58	0.6413	0.5549	3.569e-32	2.018e-09	1.766e+05	1.899e+05	2.791e+04	2.791e+04	9.048e+04	Intergenic	0	Immune system: HM13, PARP14, RNF166, HSPA12A, PTGER4, PTGR1 (+12 more)	27	18
MIR-96-5p	AUUUGGCACUUGUGGAAUAAUCG	True	-1.97	-0.19	-8	-6.96	0.484	0.5726	5.488e-80	4.048e-33	996.4	10.33	1748	10.33	10.67	Intergenic	0	Development: SPOPL, INTS8, SPACA5B; Immune system: RNF166, PTGR1; Growth: PCDH11Y	10	6
MIR-96-5p	CUUGGCACUGGCGGAAUAAUCAC	True	-0.21	-0.08	-0.05	-0.42	0.7935	0.849	0.8665	0.29	1441	907.7	1533	1533	907.7	Intragenic	1	Development: GCNT1, PCSK6, ARHGAP12/ARHGAP15, TBC1D23; Immune system: PARP14, RNF166	8	6
MIR-96-5p	CUUGGCACUGGUAGAAUUCACUGA	True	0.48	-0.05	1.64	0.58	0.7736	0.8714	8.663e-08	0.1674	5.705e+04	4.814e+04	3.463e+04	3.463e+04	4.814e+04	Intergenic	0	Development: GCNT1, PCSK6, ARHGAP12/ARHGAP15, TBC1D23; Immune system: PARP14, RNF166	8	6
