gene_id	GOs
LOC124112581	GO:0003674,GO:0003824,GO:0004175,GO:0004252,GO:0005575,GO:0005623,GO:0005886,GO:0006508,GO:0006807,GO:0008150,GO:0008152,GO:0008233,GO:0008236,GO:0016020,GO:0016787,GO:0017171,GO:0019538,GO:0032879,GO:0043170,GO:0044238,GO:0044464,GO:0048519,GO:0050789,GO:0051046,GO:0051048,GO:0051049,GO:0051051,GO:0065007,GO:0070011,GO:0071704,GO:0071944,GO:0140096,GO:1901564
LOC124112668	GO:0005575,GO:0005622,GO:0005623,GO:0005815,GO:0005856,GO:0005886,GO:0015630,GO:0016020,GO:0043226,GO:0043227,GO:0043228,GO:0043229,GO:0043231,GO:0043232,GO:0044422,GO:0044424,GO:0044430,GO:0044446,GO:0044464,GO:0071944
LOC124113148	GO:0000151,GO:0000209,GO:0001501,GO:0001959,GO:0002009,GO:0002253,GO:0002376,GO:0002429,GO:0002682,GO:0002684,GO:0002757,GO:0002764,GO:0002768,GO:0003674,GO:0003676,GO:0003677,GO:0003690,GO:0003824,GO:0004842,GO:0005080,GO:0005488,GO:0005515,GO:0005575,GO:0005622,GO:0005623,GO:0005737,GO:0005829,GO:0006355,GO:0006357,GO:0006464,GO:0006508,GO:0006511,GO:0006807,GO:0007154,GO:0007165,GO:0007166,GO:0007249,GO:0007275,GO:0007423,GO:0008150,GO:0008152,GO:0009056,GO:0009057,GO:0009653,GO:0009790,GO:0009792,GO:0009887,GO:0009888,GO:0009889,GO:0009891,GO:0009893,GO:0009966,GO:0009967,GO:0009987,GO:0010468,GO:0010498,GO:0010556,GO:0010557,GO:0010604,GO:0010628,GO:0010646,GO:0010647,GO:0010803,GO:0010939,GO:0010941,GO:0010942,GO:0016567,GO:0016740,GO:0019219,GO:0019222,GO:0019538,GO:0019787,GO:0019899,GO:0019900,GO:0019901,GO:0019941,GO:0023051,GO:0023052,GO:0023056,GO:0030163,GO:0031323,GO:0031325,GO:0031326,GO:0031328,GO:0032088,GO:0032182,GO:0032446,GO:0032501,GO:0032502,GO:0032991,GO:0035239,GO:0035295,GO:0035556,GO:0036211,GO:0042471,GO:0042472,GO:0042981,GO:0043009,GO:0043065,GO:0043067,GO:0043068,GO:0043069,GO:0043122,GO:0043123,GO:0043130,GO:0043161,GO:0043170,GO:0043412,GO:0043433,GO:0043583,GO:0043632,GO:0044092,GO:0044093,GO:0044237,GO:0044238,GO:0044248,GO:0044257,GO:0044260,GO:0044265,GO:0044267,GO:0044424,GO:0044444,GO:0044464,GO:0045893,GO:0045935,GO:0045944,GO:0048513,GO:0048518,GO:0048519,GO:0048522,GO:0048523,GO:0048562,GO:0048568,GO:0048583,GO:0048584,GO:0048598,GO:0048701,GO:0048704,GO:0048705,GO:0048706,GO:0048729,GO:0048731,GO:0048839,GO:0048856,GO:0050776,GO:0050778,GO:0050789,GO:0050794,GO:0050851,GO:0050852,GO:0050896,GO:0051090,GO:0051091,GO:0051092,GO:0051171,GO:0051173,GO:0051252,GO:0051254,GO:0051603,GO:0051716,GO:0060255,GO:0060429,GO:0060544,GO:0060546,GO:0060547,GO:0060548,GO:0060562,GO:0060759,GO:0065007,GO:0065009,GO:0070647,GO:0071599,GO:0071600,GO:0071704,GO:0071797,GO:0080090,GO:0090596,GO:0097039,GO:0097159,GO:0140096,GO:1901222,GO:1901224,GO:1901363,GO:1901564,GO:1901565,GO:1901575,GO:1902494,GO:1902531,GO:1902533,GO:1902680,GO:1903506,GO:1903508,GO:1904888,GO:1990234,GO:2000112,GO:2001141,GO:2001233,GO:2001235,GO:2001236,GO:2001238
LOC124113677	GO:0005575,GO:0005622,GO:0005623,GO:0005737,GO:0005777,GO:0005778,GO:0016020,GO:0031090,GO:0031903,GO:0042579,GO:0043226,GO:0043227,GO:0043229,GO:0043231,GO:0044422,GO:0044424,GO:0044438,GO:0044439,GO:0044444,GO:0044446,GO:0044464,GO:0098588,GO:0098805
LOC124116345	GO:0000375,GO:0000377,GO:0000398,GO:0001932,GO:0001934,GO:0003674,GO:0003824,GO:0004672,GO:0004674,GO:0004693,GO:0005575,GO:0005622,GO:0005623,GO:0005634,GO:0005654,GO:0005815,GO:0005856,GO:0005929,GO:0006139,GO:0006396,GO:0006397,GO:0006464,GO:0006468,GO:0006725,GO:0006793,GO:0006796,GO:0006807,GO:0007089,GO:0007346,GO:0008150,GO:0008152,GO:0008285,GO:0008380,GO:0009893,GO:0009966,GO:0009967,GO:0009987,GO:0010467,GO:0010562,GO:0010564,GO:0010604,GO:0010639,GO:0010646,GO:0010647,GO:0015630,GO:0016070,GO:0016071,GO:0016301,GO:0016310,GO:0016592,GO:0016740,GO:0016772,GO:0016773,GO:0018107,GO:0018193,GO:0018210,GO:0019220,GO:0019222,GO:0019538,GO:0023051,GO:0023056,GO:0031323,GO:0031325,GO:0031344,GO:0031345,GO:0031399,GO:0031401,GO:0031974,GO:0031981,GO:0032268,GO:0032270,GO:0032956,GO:0032970,GO:0032991,GO:0033043,GO:0034641,GO:0036064,GO:0036211,GO:0042127,GO:0042325,GO:0042327,GO:0042995,GO:0043170,GO:0043226,GO:0043227,GO:0043228,GO:0043229,GO:0043231,GO:0043232,GO:0043233,GO:0043408,GO:0043410,GO:0043412,GO:0044087,GO:0044237,GO:0044238,GO:0044260,GO:0044267,GO:0044422,GO:0044424,GO:0044428,GO:0044430,GO:0044441,GO:0044446,GO:0044451,GO:0044463,GO:0044464,GO:0045787,GO:0045931,GO:0045937,GO:0046483,GO:0048518,GO:0048519,GO:0048522,GO:0048523,GO:0048583,GO:0048584,GO:0050789,GO:0050794,GO:0051128,GO:0051129,GO:0051171,GO:0051173,GO:0051174,GO:0051246,GO:0051247,GO:0051493,GO:0051726,GO:0060255,GO:0060491,GO:0065007,GO:0070013,GO:0071704,GO:0080090,GO:0090068,GO:0090304,GO:0097472,GO:0120025,GO:0120032,GO:0120033,GO:0120035,GO:0120038,GO:0140096,GO:1900087,GO:1901360,GO:1901564,GO:1901987,GO:1901989,GO:1901990,GO:1901992,GO:1902017,GO:1902018,GO:1902115,GO:1902116,GO:1902531,GO:1902533,GO:1902806,GO:1902808,GO:2000045
LOC124116550	GO:0000003,GO:0001667,GO:0001817,GO:0001819,GO:0002064,GO:0002065,GO:0002066,GO:0003006,GO:0003674,GO:0005096,GO:0005575,GO:0005622,GO:0005623,GO:0005737,GO:0005794,GO:0005802,GO:0006810,GO:0006928,GO:0007275,GO:0007276,GO:0007281,GO:0007292,GO:0007297,GO:0007298,GO:0007399,GO:0007417,GO:0007420,GO:0008047,GO:0008150,GO:0009790,GO:0009888,GO:0009987,GO:0010631,GO:0012505,GO:0016043,GO:0016192,GO:0016197,GO:0016477,GO:0016482,GO:0019953,GO:0022008,GO:0022412,GO:0022414,GO:0030030,GO:0030154,GO:0030182,GO:0030234,GO:0030695,GO:0030707,GO:0030855,GO:0031175,GO:0031347,GO:0031984,GO:0032101,GO:0032501,GO:0032502,GO:0032504,GO:0032675,GO:0032680,GO:0032755,GO:0040011,GO:0042147,GO:0043085,GO:0043087,GO:0043226,GO:0043227,GO:0043229,GO:0043231,GO:0043547,GO:0044093,GO:0044422,GO:0044424,GO:0044431,GO:0044444,GO:0044446,GO:0044464,GO:0044703,GO:0046907,GO:0048468,GO:0048477,GO:0048513,GO:0048518,GO:0048568,GO:0048583,GO:0048609,GO:0048666,GO:0048699,GO:0048731,GO:0048856,GO:0048869,GO:0048870,GO:0050727,GO:0050789,GO:0050790,GO:0051179,GO:0051234,GO:0051239,GO:0051240,GO:0051336,GO:0051345,GO:0051641,GO:0051649,GO:0051674,GO:0051704,GO:0060322,GO:0060429,GO:0060589,GO:0065007,GO:0065009,GO:0071840,GO:0080134,GO:0090130,GO:0090132,GO:0098772,GO:0098791,GO:0120036,GO:1903555,GO:1990403
LOC124116891	GO:0000154,GO:0000313,GO:0000315,GO:0001510,GO:0003674,GO:0003824,GO:0005575,GO:0005622,GO:0005623,GO:0005737,GO:0005739,GO:0005759,GO:0005761,GO:0005762,GO:0005840,GO:0006139,GO:0006364,GO:0006396,GO:0006725,GO:0006807,GO:0008150,GO:0008152,GO:0008168,GO:0008169,GO:0008173,GO:0008649,GO:0008757,GO:0009383,GO:0009451,GO:0009987,GO:0010467,GO:0015934,GO:0016070,GO:0016072,GO:0016434,GO:0016740,GO:0016741,GO:0022613,GO:0031167,GO:0031974,GO:0032259,GO:0032991,GO:0034470,GO:0034641,GO:0034660,GO:0042254,GO:0043170,GO:0043226,GO:0043227,GO:0043228,GO:0043229,GO:0043231,GO:0043232,GO:0043233,GO:0043412,GO:0043414,GO:0044085,GO:0044237,GO:0044238,GO:0044260,GO:0044391,GO:0044422,GO:0044424,GO:0044429,GO:0044444,GO:0044446,GO:0044464,GO:0046483,GO:0070013,GO:0071704,GO:0071840,GO:0090304,GO:0098798,GO:0140098,GO:0140102,GO:1901360,GO:1990904
LOC124117048	GO:0000151,GO:0005575,GO:0005622,GO:0005623,GO:0005737,GO:0005829,GO:0031461,GO:0031463,GO:0032991,GO:0044424,GO:0044444,GO:0044464,GO:1902494,GO:1990234
LOC124117109	GO:0000408,GO:0002949,GO:0005575,GO:0005622,GO:0005623,GO:0005737,GO:0005739,GO:0006139,GO:0006396,GO:0006399,GO:0006400,GO:0006725,GO:0006807,GO:0008033,GO:0008150,GO:0008152,GO:0009451,GO:0009987,GO:0010467,GO:0016070,GO:0032991,GO:0034470,GO:0034641,GO:0034660,GO:0043170,GO:0043226,GO:0043227,GO:0043229,GO:0043231,GO:0043412,GO:0044237,GO:0044238,GO:0044424,GO:0044444,GO:0044464,GO:0046483,GO:0070525,GO:0071704,GO:0090304,GO:1901360
LOC124119457	GO:0003674,GO:0003796,GO:0003824,GO:0004553,GO:0005575,GO:0005576,GO:0005615,GO:0006950,GO:0006952,GO:0008150,GO:0008152,GO:0009056,GO:0009605,GO:0009607,GO:0009617,GO:0009987,GO:0016787,GO:0016798,GO:0016998,GO:0042742,GO:0043170,GO:0043207,GO:0044036,GO:0044237,GO:0044248,GO:0044260,GO:0044421,GO:0050829,GO:0050830,GO:0050896,GO:0051704,GO:0051707,GO:0061783,GO:0071554,GO:0071704,GO:0098542
LOC124121927	GO:0000981,GO:0000982,GO:0001067,GO:0001077,GO:0001228,GO:0001655,GO:0001700,GO:0001822,GO:0003008,GO:0003012,GO:0003299,GO:0003300,GO:0003674,GO:0003676,GO:0003677,GO:0003700,GO:0005488,GO:0005575,GO:0005622,GO:0005623,GO:0005634,GO:0005654,GO:0006139,GO:0006351,GO:0006355,GO:0006357,GO:0006366,GO:0006725,GO:0006807,GO:0006950,GO:0007043,GO:0007275,GO:0007399,GO:0008150,GO:0008152,GO:0009058,GO:0009059,GO:0009790,GO:0009792,GO:0009888,GO:0009889,GO:0009891,GO:0009892,GO:0009893,GO:0009987,GO:0010001,GO:0010035,GO:0010038,GO:0010272,GO:0010467,GO:0010468,GO:0010556,GO:0010557,GO:0010604,GO:0010605,GO:0010628,GO:0010827,GO:0010828,GO:0014887,GO:0014888,GO:0014896,GO:0014897,GO:0014898,GO:0016043,GO:0016070,GO:0018130,GO:0019219,GO:0019222,GO:0019438,GO:0022008,GO:0022607,GO:0030154,GO:0030855,GO:0031323,GO:0031324,GO:0031325,GO:0031326,GO:0031328,GO:0031399,GO:0031400,GO:0031974,GO:0031981,GO:0032268,GO:0032269,GO:0032501,GO:0032502,GO:0032774,GO:0032835,GO:0032879,GO:0034329,GO:0034330,GO:0034332,GO:0034333,GO:0034641,GO:0034645,GO:0034654,GO:0034762,GO:0034764,GO:0035850,GO:0036058,GO:0036059,GO:0042063,GO:0042221,GO:0043170,GO:0043226,GO:0043227,GO:0043229,GO:0043231,GO:0043233,GO:0043500,GO:0043565,GO:0044085,GO:0044212,GO:0044237,GO:0044238,GO:0044249,GO:0044260,GO:0044271,GO:0044422,GO:0044424,GO:0044428,GO:0044446,GO:0044464,GO:0045216,GO:0045893,GO:0045935,GO:0045944,GO:0046324,GO:0046326,GO:0046483,GO:0048513,GO:0048518,GO:0048519,GO:0048522,GO:0048523,GO:0048583,GO:0048584,GO:0048731,GO:0048856,GO:0048869,GO:0050789,GO:0050794,GO:0050896,GO:0051049,GO:0051050,GO:0051171,GO:0051172,GO:0051173,GO:0051246,GO:0051248,GO:0051252,GO:0051254,GO:0060255,GO:0060429,GO:0061005,GO:0061318,GO:0061319,GO:0061320,GO:0061321,GO:0065007,GO:0070013,GO:0071704,GO:0071840,GO:0072001,GO:0072006,GO:0072009,GO:0072010,GO:0072073,GO:0072112,GO:0072311,GO:0080090,GO:0090304,GO:0097159,GO:0097659,GO:0140110,GO:1900076,GO:1900078,GO:1901360,GO:1901362,GO:1901363,GO:1901576,GO:1901983,GO:1901984,GO:1902680,GO:1903506,GO:1903508,GO:2000112,GO:2000756,GO:2000757,GO:2001141,GO:2001273,GO:2001275
LOC124123527	GO:0000245,GO:0000350,GO:0000375,GO:0000377,GO:0000389,GO:0000393,GO:0000398,GO:0000974,GO:0003674,GO:0003676,GO:0003723,GO:0005488,GO:0005575,GO:0005622,GO:0005623,GO:0005634,GO:0005654,GO:0005681,GO:0006139,GO:0006259,GO:0006281,GO:0006283,GO:0006289,GO:0006376,GO:0006396,GO:0006397,GO:0006725,GO:0006807,GO:0006950,GO:0006974,GO:0008150,GO:0008152,GO:0008380,GO:0009987,GO:0010467,GO:0016043,GO:0016070,GO:0016071,GO:0022607,GO:0022613,GO:0022618,GO:0031974,GO:0031981,GO:0032991,GO:0033554,GO:0034622,GO:0034641,GO:0043170,GO:0043226,GO:0043227,GO:0043229,GO:0043231,GO:0043233,GO:0043933,GO:0044085,GO:0044237,GO:0044238,GO:0044260,GO:0044422,GO:0044424,GO:0044428,GO:0044446,GO:0044464,GO:0046483,GO:0050896,GO:0051716,GO:0065003,GO:0070013,GO:0071012,GO:0071013,GO:0071014,GO:0071020,GO:0071704,GO:0071826,GO:0071840,GO:0090304,GO:0097159,GO:1901360,GO:1901363,GO:1902494,GO:1990904
LOC124124479	GO:0000288,GO:0000290,GO:0000291,GO:0000339,GO:0000340,GO:0000375,GO:0000377,GO:0000398,GO:0000932,GO:0000956,GO:0003674,GO:0003676,GO:0003723,GO:0003824,GO:0004518,GO:0004527,GO:0004532,GO:0004540,GO:0004779,GO:0004780,GO:0005488,GO:0005575,GO:0005622,GO:0005623,GO:0005634,GO:0005654,GO:0005737,GO:0005739,GO:0005829,GO:0006139,GO:0006163,GO:0006396,GO:0006397,GO:0006401,GO:0006402,GO:0006725,GO:0006753,GO:0006790,GO:0006793,GO:0006796,GO:0006807,GO:0006950,GO:0008150,GO:0008152,GO:0008380,GO:0009056,GO:0009057,GO:0009117,GO:0009150,GO:0009259,GO:0009266,GO:0009408,GO:0009628,GO:0009892,GO:0009987,GO:0010033,GO:0010467,GO:0010468,GO:0010605,GO:0010629,GO:0010941,GO:0016070,GO:0016071,GO:0016462,GO:0016740,GO:0016772,GO:0016779,GO:0016787,GO:0016788,GO:0016817,GO:0016818,GO:0016819,GO:0019222,GO:0019439,GO:0019637,GO:0019693,GO:0031974,GO:0031981,GO:0032991,GO:0034641,GO:0034655,GO:0035690,GO:0035770,GO:0036245,GO:0036464,GO:0042221,GO:0042493,GO:0043067,GO:0043069,GO:0043170,GO:0043226,GO:0043227,GO:0043228,GO:0043229,GO:0043231,GO:0043232,GO:0043233,GO:0043928,GO:0044237,GO:0044238,GO:0044248,GO:0044260,GO:0044265,GO:0044270,GO:0044281,GO:0044422,GO:0044424,GO:0044428,GO:0044444,GO:0044446,GO:0044464,GO:0045292,GO:0046483,GO:0046700,GO:0047627,GO:0048519,GO:0048523,GO:0050072,GO:0050789,GO:0050794,GO:0050896,GO:0051716,GO:0055086,GO:0060255,GO:0060548,GO:0065007,GO:0070013,GO:0070566,GO:0070887,GO:0071310,GO:0071704,GO:0072521,GO:0090304,GO:0090305,GO:0090501,GO:0090503,GO:0097159,GO:0140098,GO:1901135,GO:1901360,GO:1901361,GO:1901363,GO:1901564,GO:1901575,GO:1901654,GO:1901655,GO:1901700,GO:1901701,GO:1990904
LOC124125367	GO:0000104,GO:0003674,GO:0003824,GO:0005488,GO:0005575,GO:0005622,GO:0005623,GO:0005737,GO:0005739,GO:0005740,GO:0005743,GO:0005746,GO:0005749,GO:0006082,GO:0006091,GO:0006099,GO:0006101,GO:0006119,GO:0006121,GO:0006139,GO:0006163,GO:0006725,GO:0006753,GO:0006793,GO:0006796,GO:0006807,GO:0006950,GO:0006979,GO:0007275,GO:0007568,GO:0008150,GO:0008152,GO:0008177,GO:0008340,GO:0009060,GO:0009117,GO:0009123,GO:0009126,GO:0009141,GO:0009144,GO:0009150,GO:0009161,GO:0009167,GO:0009199,GO:0009205,GO:0009259,GO:0009987,GO:0010259,GO:0015980,GO:0016020,GO:0016021,GO:0016310,GO:0016491,GO:0016627,GO:0016635,GO:0016999,GO:0017144,GO:0019637,GO:0019693,GO:0019752,GO:0019866,GO:0020037,GO:0022900,GO:0022904,GO:0031090,GO:0031224,GO:0031966,GO:0031967,GO:0031975,GO:0032501,GO:0032502,GO:0032991,GO:0034641,GO:0042773,GO:0042775,GO:0043226,GO:0043227,GO:0043229,GO:0043231,GO:0043436,GO:0044237,GO:0044238,GO:0044281,GO:0044422,GO:0044424,GO:0044425,GO:0044429,GO:0044444,GO:0044446,GO:0044455,GO:0044464,GO:0045257,GO:0045273,GO:0045281,GO:0045283,GO:0045333,GO:0046034,GO:0046483,GO:0046906,GO:0048037,GO:0048856,GO:0050896,GO:0055086,GO:0055114,GO:0070469,GO:0071704,GO:0072350,GO:0072521,GO:0097159,GO:0098796,GO:0098798,GO:0098800,GO:0098803,GO:1901135,GO:1901360,GO:1901363,GO:1901564,GO:1902494,GO:1990204
LOC124127277	GO:0000768,GO:0005575,GO:0006949,GO:0007520,GO:0008150,GO:0009653,GO:0009987,GO:0014902,GO:0016020,GO:0030154,GO:0032502,GO:0042692,GO:0048646,GO:0048856,GO:0048869,GO:0051146,GO:0061061
LOC124127540	GO:0003674,GO:0005488,GO:0005575,GO:0005576,GO:0005623,GO:0005886,GO:0006950,GO:0006952,GO:0006954,GO:0007155,GO:0007160,GO:0008150,GO:0009966,GO:0009967,GO:0010646,GO:0010647,GO:0010941,GO:0010942,GO:0016020,GO:0016021,GO:0022610,GO:0023051,GO:0023056,GO:0030246,GO:0031224,GO:0031589,GO:0042981,GO:0043065,GO:0043067,GO:0043068,GO:0044425,GO:0044464,GO:0048518,GO:0048522,GO:0048583,GO:0048584,GO:0050789,GO:0050794,GO:0050896,GO:0065007,GO:0070228,GO:0070230,GO:0070232,GO:0070234,GO:0071944,GO:0098609,GO:2000106,GO:2000108,GO:2001233,GO:2001235,GO:2001236,GO:2001238
LOC124128726	GO:0000003,GO:0000976,GO:0000977,GO:0000978,GO:0000981,GO:0000987,GO:0001012,GO:0001067,GO:0001708,GO:0001764,GO:0002119,GO:0002164,GO:0003006,GO:0003674,GO:0003676,GO:0003677,GO:0003690,GO:0003700,GO:0005488,GO:0005575,GO:0005622,GO:0005623,GO:0005634,GO:0006355,GO:0006357,GO:0006915,GO:0006928,GO:0007154,GO:0007165,GO:0007166,GO:0007264,GO:0007265,GO:0007267,GO:0007275,GO:0007399,GO:0007548,GO:0008150,GO:0008219,GO:0009653,GO:0009791,GO:0009889,GO:0009987,GO:0010468,GO:0010556,GO:0012501,GO:0016055,GO:0016477,GO:0019219,GO:0019222,GO:0022008,GO:0022414,GO:0023052,GO:0030154,GO:0031323,GO:0031326,GO:0032501,GO:0032502,GO:0035556,GO:0040011,GO:0043226,GO:0043227,GO:0043229,GO:0043231,GO:0043565,GO:0044212,GO:0044424,GO:0044464,GO:0045138,GO:0045165,GO:0046661,GO:0048699,GO:0048731,GO:0048856,GO:0048869,GO:0048870,GO:0050789,GO:0050794,GO:0050896,GO:0051171,GO:0051179,GO:0051252,GO:0051402,GO:0051674,GO:0051716,GO:0060255,GO:0065007,GO:0070997,GO:0080090,GO:0090598,GO:0097159,GO:0140110,GO:0198738,GO:1901363,GO:1903506,GO:1905114,GO:1990837,GO:2000112,GO:2001141
LOC124129056	GO:0003674,GO:0003824,GO:0005488,GO:0005515,GO:0005575,GO:0005622,GO:0005623,GO:0005737,GO:0005829,GO:0006464,GO:0006807,GO:0008092,GO:0008150,GO:0008152,GO:0009987,GO:0015631,GO:0016874,GO:0016879,GO:0016881,GO:0018095,GO:0018193,GO:0018200,GO:0019538,GO:0036211,GO:0043014,GO:0043170,GO:0043412,GO:0044237,GO:0044238,GO:0044260,GO:0044267,GO:0044424,GO:0044444,GO:0044464,GO:0048487,GO:0070739,GO:0070740,GO:0071704,GO:0140096,GO:1901564
LOC124130918	GO:0000981,GO:0003674,GO:0003700,GO:0006355,GO:0006357,GO:0008150,GO:0009889,GO:0010468,GO:0010556,GO:0019219,GO:0019222,GO:0031323,GO:0031326,GO:0050789,GO:0050794,GO:0051171,GO:0051252,GO:0060255,GO:0065007,GO:0080090,GO:0140110,GO:1903506,GO:2000112,GO:2001141
LOC124131275	GO:0000003,GO:0000139,GO:0001525,GO:0001568,GO:0001655,GO:0001822,GO:0001944,GO:0002064,GO:0002065,GO:0002066,GO:0002682,GO:0002683,GO:0003674,GO:0003824,GO:0005575,GO:0005622,GO:0005623,GO:0005737,GO:0005794,GO:0005795,GO:0005797,GO:0006464,GO:0006486,GO:0006493,GO:0006629,GO:0006643,GO:0006664,GO:0006807,GO:0007275,GO:0007399,GO:0007417,GO:0007528,GO:0008150,GO:0008152,GO:0008378,GO:0008610,GO:0009058,GO:0009059,GO:0009100,GO:0009101,GO:0009247,GO:0009653,GO:0009888,GO:0009987,GO:0012505,GO:0016020,GO:0016021,GO:0016043,GO:0016263,GO:0016266,GO:0016267,GO:0016740,GO:0016757,GO:0016758,GO:0019538,GO:0021551,GO:0030154,GO:0030855,GO:0031090,GO:0031224,GO:0031344,GO:0031984,GO:0031985,GO:0032501,GO:0032502,GO:0032504,GO:0034645,GO:0035239,GO:0035295,GO:0036211,GO:0042692,GO:0043170,GO:0043226,GO:0043227,GO:0043229,GO:0043231,GO:0043412,GO:0043413,GO:0044087,GO:0044237,GO:0044238,GO:0044249,GO:0044255,GO:0044260,GO:0044267,GO:0044422,GO:0044424,GO:0044425,GO:0044431,GO:0044444,GO:0044446,GO:0044464,GO:0045595,GO:0045596,GO:0046467,GO:0048468,GO:0048513,GO:0048514,GO:0048519,GO:0048523,GO:0048531,GO:0048565,GO:0048646,GO:0048731,GO:0048856,GO:0048869,GO:0050789,GO:0050793,GO:0050794,GO:0050808,GO:0051093,GO:0051128,GO:0051239,GO:0051241,GO:0051489,GO:0055001,GO:0055123,GO:0060429,GO:0060491,GO:0060575,GO:0060576,GO:0061061,GO:0065007,GO:0070085,GO:0071704,GO:0071840,GO:0072001,GO:0072358,GO:0072359,GO:0098588,GO:0098791,GO:0120032,GO:0120035,GO:0140096,GO:0140103,GO:1901135,GO:1901137,GO:1901532,GO:1901533,GO:1901564,GO:1901566,GO:1901576,GO:1902036,GO:1902037,GO:1903509,GO:1903706,GO:1903707,GO:2000026,GO:2000736,GO:2000737
LOC124132620	GO:0003674,GO:0005198,GO:0005201,GO:0005575,GO:0005576,GO:0030023,GO:0097493
LOC124133187	GO:0003674,GO:0005215,GO:0005319,GO:0005342,GO:0005548,GO:0005575,GO:0005623,GO:0005886,GO:0005887,GO:0006629,GO:0006644,GO:0006650,GO:0006656,GO:0006793,GO:0006796,GO:0006807,GO:0006810,GO:0006811,GO:0006820,GO:0006869,GO:0007275,GO:0007399,GO:0007417,GO:0007420,GO:0008028,GO:0008150,GO:0008152,GO:0008509,GO:0008514,GO:0008610,GO:0008654,GO:0009058,GO:0009987,GO:0010876,GO:0015075,GO:0015245,GO:0015291,GO:0015293,GO:0015318,GO:0015711,GO:0015718,GO:0015748,GO:0015849,GO:0015908,GO:0015914,GO:0016020,GO:0016021,GO:0016192,GO:0019637,GO:0021537,GO:0021543,GO:0021761,GO:0021766,GO:0022804,GO:0022857,GO:0030154,GO:0030900,GO:0031224,GO:0031226,GO:0032501,GO:0032502,GO:0033036,GO:0034220,GO:0035633,GO:0044237,GO:0044238,GO:0044249,GO:0044255,GO:0044425,GO:0044459,GO:0044464,GO:0045017,GO:0045056,GO:0046470,GO:0046474,GO:0046486,GO:0046942,GO:0046943,GO:0048468,GO:0048513,GO:0048731,GO:0048856,GO:0048869,GO:0051179,GO:0051234,GO:0051977,GO:0051978,GO:0055085,GO:0060322,GO:0060856,GO:0065007,GO:0065008,GO:0071702,GO:0071704,GO:0071944,GO:0090407,GO:0097164,GO:0098656,GO:1901264,GO:1901564,GO:1901566,GO:1901576,GO:1903825,GO:1905039,GO:1990379
LOC124133260	GO:0000154,GO:0000179,GO:0000959,GO:0001510,GO:0003674,GO:0003712,GO:0003824,GO:0005575,GO:0005622,GO:0005623,GO:0005737,GO:0005739,GO:0005759,GO:0006139,GO:0006351,GO:0006364,GO:0006390,GO:0006396,GO:0006417,GO:0006725,GO:0006807,GO:0006996,GO:0007005,GO:0008150,GO:0008152,GO:0008168,GO:0008170,GO:0008173,GO:0008649,GO:0008757,GO:0009058,GO:0009059,GO:0009295,GO:0009451,GO:0009889,GO:0009987,GO:0010467,GO:0010468,GO:0010556,GO:0010608,GO:0016043,GO:0016070,GO:0016072,GO:0016433,GO:0016740,GO:0016741,GO:0018130,GO:0019219,GO:0019222,GO:0019438,GO:0022613,GO:0031167,GO:0031323,GO:0031326,GO:0031974,GO:0032259,GO:0032268,GO:0032774,GO:0034248,GO:0034470,GO:0034641,GO:0034645,GO:0034654,GO:0034660,GO:0042254,GO:0042645,GO:0043170,GO:0043226,GO:0043227,GO:0043228,GO:0043229,GO:0043231,GO:0043232,GO:0043233,GO:0043412,GO:0043414,GO:0044085,GO:0044237,GO:0044238,GO:0044249,GO:0044260,GO:0044271,GO:0044422,GO:0044424,GO:0044429,GO:0044444,GO:0044446,GO:0044464,GO:0046483,GO:0050789,GO:0050794,GO:0051171,GO:0051246,GO:0051252,GO:0060255,GO:0065007,GO:0070013,GO:0071704,GO:0071840,GO:0080090,GO:0090304,GO:0097659,GO:0140053,GO:0140098,GO:0140102,GO:0140110,GO:1901360,GO:1901362,GO:1901576,GO:1903506,GO:2000112,GO:2001141
LOC124133265	GO:0000323,GO:0003674,GO:0003824,GO:0004175,GO:0004190,GO:0005488,GO:0005515,GO:0005575,GO:0005622,GO:0005623,GO:0005737,GO:0005764,GO:0005765,GO:0005773,GO:0005774,GO:0005783,GO:0005789,GO:0005791,GO:0005798,GO:0006465,GO:0006508,GO:0006518,GO:0006807,GO:0006810,GO:0006886,GO:0006950,GO:0006986,GO:0008104,GO:0008150,GO:0008152,GO:0008233,GO:0009056,GO:0009057,GO:0009986,GO:0009987,GO:0010033,GO:0010243,GO:0010467,GO:0010498,GO:0012505,GO:0015031,GO:0015833,GO:0016020,GO:0016021,GO:0016043,GO:0016485,GO:0016787,GO:0019538,GO:0019899,GO:0022607,GO:0030163,GO:0030176,GO:0030660,GO:0030970,GO:0031090,GO:0031224,GO:0031227,GO:0031410,GO:0031625,GO:0031982,GO:0031984,GO:0032527,GO:0032991,GO:0033036,GO:0033554,GO:0033619,GO:0034613,GO:0034620,GO:0034641,GO:0034976,GO:0035966,GO:0035967,GO:0036503,GO:0036513,GO:0042175,GO:0042221,GO:0042500,GO:0042802,GO:0042803,GO:0042886,GO:0043170,GO:0043226,GO:0043227,GO:0043229,GO:0043231,GO:0043603,GO:0043933,GO:0044085,GO:0044237,GO:0044238,GO:0044248,GO:0044257,GO:0044260,GO:0044265,GO:0044267,GO:0044389,GO:0044422,GO:0044424,GO:0044425,GO:0044432,GO:0044433,GO:0044437,GO:0044444,GO:0044446,GO:0044464,GO:0045184,GO:0046907,GO:0046983,GO:0050896,GO:0051179,GO:0051234,GO:0051259,GO:0051260,GO:0051262,GO:0051289,GO:0051603,GO:0051604,GO:0051641,GO:0051649,GO:0051716,GO:0065003,GO:0070001,GO:0070011,GO:0070727,GO:0070887,GO:0071310,GO:0071458,GO:0071556,GO:0071702,GO:0071704,GO:0071705,GO:0071840,GO:0097708,GO:0098552,GO:0098553,GO:0098554,GO:0098562,GO:0098588,GO:0098796,GO:0098805,GO:0098827,GO:0098852,GO:0140096,GO:1901564,GO:1901565,GO:1901575,GO:1901698,GO:1903513,GO:1904211
LOC124133428	GO:0000226,GO:0000278,GO:0000922,GO:0001501,GO:0001503,GO:0001701,GO:0001824,GO:0001832,GO:0001833,GO:0002376,GO:0002520,GO:0003674,GO:0003676,GO:0003723,GO:0005488,GO:0005515,GO:0005575,GO:0005622,GO:0005623,GO:0005634,GO:0005654,GO:0005730,GO:0005737,GO:0005819,GO:0005829,GO:0005856,GO:0006139,GO:0006364,GO:0006396,GO:0006725,GO:0006807,GO:0006928,GO:0006935,GO:0006996,GO:0007010,GO:0007017,GO:0007049,GO:0007051,GO:0007052,GO:0007275,GO:0008017,GO:0008092,GO:0008150,GO:0008152,GO:0008283,GO:0009605,GO:0009790,GO:0009792,GO:0009888,GO:0009987,GO:0010467,GO:0015630,GO:0015631,GO:0016043,GO:0016070,GO:0016072,GO:0016477,GO:0019843,GO:0022402,GO:0022607,GO:0022613,GO:0022618,GO:0030282,GO:0030595,GO:0031214,GO:0031974,GO:0031981,GO:0032501,GO:0032502,GO:0034470,GO:0034622,GO:0034641,GO:0034660,GO:0040007,GO:0040011,GO:0042221,GO:0042254,GO:0042255,GO:0042256,GO:0042330,GO:0043009,GO:0043021,GO:0043022,GO:0043170,GO:0043226,GO:0043227,GO:0043228,GO:0043229,GO:0043231,GO:0043232,GO:0043233,GO:0043933,GO:0044085,GO:0044237,GO:0044238,GO:0044422,GO:0044424,GO:0044428,GO:0044430,GO:0044444,GO:0044446,GO:0044464,GO:0044877,GO:0046483,GO:0048513,GO:0048534,GO:0048539,GO:0048589,GO:0048731,GO:0048856,GO:0048870,GO:0050896,GO:0050900,GO:0051179,GO:0051674,GO:0051716,GO:0060326,GO:0060348,GO:0065003,GO:0070013,GO:0070887,GO:0070925,GO:0071704,GO:0071826,GO:0071840,GO:0090304,GO:0097159,GO:1901360,GO:1901363,GO:1902850,GO:1903047
LOC124133539	GO:0000166,GO:0002237,GO:0003674,GO:0003824,GO:0004012,GO:0005215,GO:0005319,GO:0005324,GO:0005342,GO:0005488,GO:0005524,GO:0005548,GO:0005575,GO:0005622,GO:0005623,GO:0005737,GO:0005886,GO:0005887,GO:0006082,GO:0006690,GO:0006691,GO:0006725,GO:0006766,GO:0006767,GO:0006807,GO:0006810,GO:0006811,GO:0006820,GO:0006855,GO:0006857,GO:0006869,GO:0006928,GO:0006935,GO:0006950,GO:0006979,GO:0008028,GO:0008144,GO:0008150,GO:0008152,GO:0008509,GO:0008514,GO:0008559,GO:0009235,GO:0009605,GO:0009607,GO:0009617,GO:0009719,GO:0009725,GO:0009987,GO:0010033,GO:0010243,GO:0010876,GO:0010941,GO:0014070,GO:0015075,GO:0015103,GO:0015125,GO:0015238,GO:0015318,GO:0015399,GO:0015405,GO:0015420,GO:0015431,GO:0015432,GO:0015562,GO:0015698,GO:0015711,GO:0015718,GO:0015721,GO:0015722,GO:0015748,GO:0015833,GO:0015849,GO:0015850,GO:0015889,GO:0015893,GO:0015908,GO:0015909,GO:0015911,GO:0015914,GO:0016020,GO:0016021,GO:0016043,GO:0016323,GO:0016462,GO:0016477,GO:0016787,GO:0016817,GO:0016818,GO:0016887,GO:0017076,GO:0017111,GO:0017144,GO:0019752,GO:0022804,GO:0022857,GO:0030334,GO:0030335,GO:0030554,GO:0031224,GO:0031226,GO:0032355,GO:0032496,GO:0032553,GO:0032555,GO:0032559,GO:0032879,GO:0033013,GO:0033036,GO:0033283,GO:0033284,GO:0033285,GO:0033700,GO:0033993,GO:0034040,GO:0034204,GO:0034220,GO:0034634,GO:0034635,GO:0034762,GO:0034764,GO:0034775,GO:0035443,GO:0035461,GO:0035639,GO:0035672,GO:0035673,GO:0036094,GO:0040011,GO:0040012,GO:0040017,GO:0042221,GO:0042330,GO:0042493,GO:0042623,GO:0042626,GO:0042886,GO:0042887,GO:0042908,GO:0042910,GO:0042937,GO:0042939,GO:0043167,GO:0043168,GO:0043207,GO:0043225,GO:0043436,GO:0043492,GO:0044237,GO:0044281,GO:0044424,GO:0044425,GO:0044459,GO:0044464,GO:0045332,GO:0046483,GO:0046618,GO:0046623,GO:0046624,GO:0046717,GO:0046903,GO:0046942,GO:0046943,GO:0048518,GO:0048519,GO:0048522,GO:0048523,GO:0048583,GO:0048584,GO:0048870,GO:0050789,GO:0050794,GO:0050896,GO:0051049,GO:0051050,GO:0051179,GO:0051180,GO:0051181,GO:0051184,GO:0051186,GO:0051234,GO:0051270,GO:0051272,GO:0051674,GO:0051704,GO:0051707,GO:0051716,GO:0055085,GO:0060326,GO:0060548,GO:0061024,GO:0065007,GO:0065008,GO:0070887,GO:0071702,GO:0071704,GO:0071705,GO:0071840,GO:0071944,GO:0071997,GO:0072337,GO:0072348,GO:0072349,GO:0090482,GO:0097035,GO:0097159,GO:0097367,GO:0098590,GO:0098656,GO:0099039,GO:0099133,GO:1901214,GO:1901215,GO:1901265,GO:1901360,GO:1901363,GO:1901564,GO:1901568,GO:1901618,GO:1901682,GO:1901698,GO:1901700,GO:1902001,GO:1903825,GO:1904680,GO:1905039,GO:1905699,GO:1905701,GO:2000145,GO:2000147,GO:2001023,GO:2001025
LOC124133899	GO:0003674,GO:0003824,GO:0005575,GO:0005622,GO:0005623,GO:0005737,GO:0005829,GO:0006082,GO:0006690,GO:0006691,GO:0008150,GO:0008152,GO:0009987,GO:0016491,GO:0016614,GO:0016616,GO:0019752,GO:0036185,GO:0042221,GO:0042493,GO:0043436,GO:0044237,GO:0044281,GO:0044424,GO:0044444,GO:0044464,GO:0050896,GO:0055114,GO:0071704,GO:0097257,GO:0097327,GO:1901568
LOC124135073	GO:0003674,GO:0003824,GO:0005215,GO:0005575,GO:0005623,GO:0005886,GO:0006810,GO:0008150,GO:0015399,GO:0015405,GO:0016020,GO:0016021,GO:0016462,GO:0016787,GO:0016817,GO:0016818,GO:0016887,GO:0017111,GO:0022804,GO:0022857,GO:0031224,GO:0042623,GO:0042626,GO:0042752,GO:0043492,GO:0044425,GO:0044464,GO:0050789,GO:0051179,GO:0051234,GO:0055085,GO:0065007,GO:0071944
LOC124135359	GO:0003008,GO:0003674,GO:0003824,GO:0003954,GO:0005575,GO:0005622,GO:0005623,GO:0005737,GO:0005739,GO:0005740,GO:0005743,GO:0005746,GO:0005747,GO:0006091,GO:0006119,GO:0006120,GO:0006139,GO:0006163,GO:0006725,GO:0006753,GO:0006793,GO:0006796,GO:0006807,GO:0006996,GO:0007005,GO:0007600,GO:0007605,GO:0008137,GO:0008150,GO:0008152,GO:0009117,GO:0009123,GO:0009126,GO:0009141,GO:0009144,GO:0009150,GO:0009161,GO:0009167,GO:0009199,GO:0009205,GO:0009259,GO:0009987,GO:0010257,GO:0015980,GO:0016020,GO:0016043,GO:0016310,GO:0016491,GO:0016651,GO:0016655,GO:0017144,GO:0019637,GO:0019693,GO:0019866,GO:0022607,GO:0022900,GO:0022904,GO:0030964,GO:0031090,GO:0031966,GO:0031967,GO:0031975,GO:0032501,GO:0032981,GO:0032991,GO:0033108,GO:0034622,GO:0034641,GO:0042773,GO:0042775,GO:0043226,GO:0043227,GO:0043229,GO:0043231,GO:0043933,GO:0044085,GO:0044237,GO:0044238,GO:0044281,GO:0044422,GO:0044424,GO:0044425,GO:0044429,GO:0044444,GO:0044446,GO:0044455,GO:0044464,GO:0045271,GO:0045333,GO:0046034,GO:0046483,GO:0050136,GO:0050877,GO:0050954,GO:0055086,GO:0055114,GO:0065003,GO:0070469,GO:0071704,GO:0071840,GO:0072521,GO:0098796,GO:0098798,GO:0098800,GO:0098803,GO:1901135,GO:1901360,GO:1901564,GO:1902494,GO:1990204
LOC124135372	GO:0000428,GO:0005575,GO:0005622,GO:0005623,GO:0005634,GO:0005654,GO:0006139,GO:0006351,GO:0006366,GO:0006396,GO:0006725,GO:0006807,GO:0008150,GO:0008152,GO:0009058,GO:0009059,GO:0009301,GO:0009987,GO:0010467,GO:0016070,GO:0016073,GO:0016180,GO:0016591,GO:0018130,GO:0019438,GO:0030880,GO:0031123,GO:0031974,GO:0031981,GO:0032039,GO:0032774,GO:0032991,GO:0034470,GO:0034472,GO:0034641,GO:0034645,GO:0034654,GO:0034660,GO:0042795,GO:0043170,GO:0043226,GO:0043227,GO:0043229,GO:0043231,GO:0043233,GO:0043628,GO:0044237,GO:0044238,GO:0044249,GO:0044260,GO:0044271,GO:0044422,GO:0044424,GO:0044428,GO:0044446,GO:0044451,GO:0044464,GO:0046483,GO:0055029,GO:0061695,GO:0070013,GO:0071704,GO:0090304,GO:0097659,GO:0098781,GO:1901360,GO:1901362,GO:1901576,GO:1902494,GO:1990234
LOC124135489	GO:0000003,GO:0000166,GO:0001505,GO:0001669,GO:0003006,GO:0003674,GO:0003824,GO:0004148,GO:0005488,GO:0005575,GO:0005622,GO:0005623,GO:0005634,GO:0005654,GO:0005737,GO:0005739,GO:0005759,GO:0005773,GO:0005929,GO:0005947,GO:0005960,GO:0006082,GO:0006084,GO:0006085,GO:0006086,GO:0006090,GO:0006091,GO:0006099,GO:0006101,GO:0006103,GO:0006119,GO:0006120,GO:0006139,GO:0006163,GO:0006164,GO:0006464,GO:0006508,GO:0006520,GO:0006544,GO:0006546,GO:0006629,GO:0006631,GO:0006637,GO:0006725,GO:0006732,GO:0006733,GO:0006748,GO:0006753,GO:0006790,GO:0006793,GO:0006796,GO:0006807,GO:0007275,GO:0007276,GO:0007281,GO:0007283,GO:0007286,GO:0007369,GO:0007568,GO:0008150,GO:0008152,GO:0009056,GO:0009058,GO:0009060,GO:0009063,GO:0009069,GO:0009071,GO:0009106,GO:0009108,GO:0009117,GO:0009123,GO:0009126,GO:0009141,GO:0009144,GO:0009150,GO:0009152,GO:0009161,GO:0009165,GO:0009167,GO:0009199,GO:0009205,GO:0009259,GO:0009260,GO:0009653,GO:0009790,GO:0009987,GO:0012505,GO:0015980,GO:0016054,GO:0016310,GO:0016491,GO:0016651,GO:0016667,GO:0016668,GO:0016999,GO:0017144,GO:0018130,GO:0018335,GO:0019362,GO:0019438,GO:0019538,GO:0019637,GO:0019693,GO:0019752,GO:0019953,GO:0021700,GO:0022412,GO:0022414,GO:0022900,GO:0022904,GO:0030062,GO:0030141,GO:0030154,GO:0031410,GO:0031974,GO:0031981,GO:0031982,GO:0032501,GO:0032502,GO:0032504,GO:0032787,GO:0032991,GO:0033218,GO:0033865,GO:0033866,GO:0033875,GO:0034030,GO:0034032,GO:0034033,GO:0034641,GO:0034654,GO:0035383,GO:0035384,GO:0036094,GO:0036211,GO:0042133,GO:0042135,GO:0042391,GO:0042737,GO:0042773,GO:0042775,GO:0042995,GO:0043159,GO:0043167,GO:0043168,GO:0043170,GO:0043209,GO:0043226,GO:0043227,GO:0043229,GO:0043231,GO:0043233,GO:0043412,GO:0043436,GO:0043543,GO:0043544,GO:0043603,GO:0043604,GO:0043648,GO:0044237,GO:0044238,GO:0044248,GO:0044249,GO:0044255,GO:0044260,GO:0044267,GO:0044271,GO:0044272,GO:0044281,GO:0044282,GO:0044422,GO:0044424,GO:0044428,GO:0044429,GO:0044433,GO:0044437,GO:0044444,GO:0044446,GO:0044464,GO:0044703,GO:0045239,GO:0045240,GO:0045252,GO:0045254,GO:0045333,GO:0046034,GO:0046390,GO:0046395,GO:0046483,GO:0046496,GO:0048037,GO:0048232,GO:0048240,GO:0048468,GO:0048469,GO:0048515,GO:0048598,GO:0048609,GO:0048856,GO:0048869,GO:0050660,GO:0050662,GO:0051068,GO:0051186,GO:0051188,GO:0051287,GO:0051704,GO:0055086,GO:0055114,GO:0061732,GO:0065007,GO:0065008,GO:0070013,GO:0071616,GO:0071704,GO:0072350,GO:0072521,GO:0072522,GO:0072524,GO:0090407,GO:0097159,GO:0097223,GO:0097708,GO:0098798,GO:0099503,GO:0106077,GO:0120025,GO:1901135,GO:1901137,GO:1901265,GO:1901293,GO:1901360,GO:1901362,GO:1901363,GO:1901564,GO:1901565,GO:1901566,GO:1901575,GO:1901576,GO:1901605,GO:1901606,GO:1901681,GO:1902494,GO:1990204,GO:1990234
LOC124135672	GO:0000768,GO:0000902,GO:0000904,GO:0001654,GO:0001655,GO:0001700,GO:0001745,GO:0001763,GO:0001764,GO:0001822,GO:0001932,GO:0001933,GO:0002118,GO:0002121,GO:0002164,GO:0002376,GO:0002520,GO:0003008,GO:0003014,GO:0003674,GO:0005488,GO:0005515,GO:0005575,GO:0005576,GO:0005622,GO:0005623,GO:0005737,GO:0005886,GO:0005911,GO:0005912,GO:0005913,GO:0005917,GO:0006928,GO:0006949,GO:0006996,GO:0007010,GO:0007015,GO:0007043,GO:0007154,GO:0007155,GO:0007156,GO:0007157,GO:0007267,GO:0007275,GO:0007399,GO:0007409,GO:0007416,GO:0007417,GO:0007420,GO:0007423,GO:0007517,GO:0007520,GO:0007522,GO:0007523,GO:0007588,GO:0007610,GO:0008037,GO:0008038,GO:0008039,GO:0008064,GO:0008092,GO:0008150,GO:0008219,GO:0009653,GO:0009790,GO:0009791,GO:0009792,GO:0009887,GO:0009892,GO:0009986,GO:0009987,GO:0010563,GO:0010605,GO:0010623,GO:0010638,GO:0010830,GO:0012501,GO:0014902,GO:0016020,GO:0016021,GO:0016043,GO:0016049,GO:0016202,GO:0016324,GO:0016477,GO:0017022,GO:0019220,GO:0019222,GO:0019904,GO:0021537,GO:0021543,GO:0021730,GO:0021740,GO:0021761,GO:0021766,GO:0022008,GO:0022603,GO:0022607,GO:0022610,GO:0023052,GO:0030029,GO:0030030,GO:0030036,GO:0030054,GO:0030097,GO:0030154,GO:0030165,GO:0030182,GO:0030424,GO:0030425,GO:0030832,GO:0030833,GO:0030838,GO:0030900,GO:0031175,GO:0031224,GO:0031253,GO:0031323,GO:0031324,GO:0031334,GO:0031399,GO:0031400,GO:0032268,GO:0032269,GO:0032271,GO:0032273,GO:0032501,GO:0032502,GO:0032535,GO:0032835,GO:0032956,GO:0032970,GO:0032989,GO:0032990,GO:0033043,GO:0034329,GO:0034330,GO:0034332,GO:0034333,GO:0036056,GO:0036058,GO:0036059,GO:0036477,GO:0040007,GO:0040011,GO:0042325,GO:0042326,GO:0042692,GO:0042995,GO:0043005,GO:0043198,GO:0043254,GO:0044085,GO:0044087,GO:0044089,GO:0044424,GO:0044425,GO:0044444,GO:0044459,GO:0044463,GO:0044464,GO:0045121,GO:0045177,GO:0045202,GO:0045216,GO:0045595,GO:0045936,GO:0046666,GO:0046667,GO:0048468,GO:0048471,GO:0048513,GO:0048518,GO:0048519,GO:0048522,GO:0048523,GO:0048534,GO:0048569,GO:0048588,GO:0048589,GO:0048592,GO:0048634,GO:0048646,GO:0048666,GO:0048667,GO:0048668,GO:0048699,GO:0048731,GO:0048749,GO:0048755,GO:0048812,GO:0048856,GO:0048857,GO:0048858,GO:0048869,GO:0048870,GO:0050789,GO:0050793,GO:0050794,GO:0050808,GO:0050839,GO:0051017,GO:0051128,GO:0051130,GO:0051146,GO:0051147,GO:0051153,GO:0051171,GO:0051172,GO:0051174,GO:0051179,GO:0051239,GO:0051246,GO:0051248,GO:0051493,GO:0051495,GO:0051674,GO:0051704,GO:0051705,GO:0060142,GO:0060255,GO:0060322,GO:0060560,GO:0061061,GO:0061318,GO:0061319,GO:0061321,GO:0061564,GO:0061572,GO:0065007,GO:0065008,GO:0070161,GO:0071840,GO:0071944,GO:0072001,GO:0072006,GO:0072102,GO:0080090,GO:0090066,GO:0090596,GO:0097205,GO:0097206,GO:0097435,GO:0097447,GO:0097458,GO:0098589,GO:0098590,GO:0098609,GO:0098742,GO:0098805,GO:0098857,GO:0110053,GO:0120025,GO:0120036,GO:0120038,GO:0120039,GO:1901739,GO:1901861,GO:1902903,GO:1902905,GO:2000026
LOC124135816	GO:0000302,GO:0001101,GO:0001501,GO:0001502,GO:0001503,GO:0001568,GO:0001649,GO:0001654,GO:0001775,GO:0001894,GO:0001944,GO:0001957,GO:0001958,GO:0002020,GO:0002062,GO:0002376,GO:0002682,GO:0002683,GO:0003007,GO:0003008,GO:0003416,GO:0003417,GO:0003674,GO:0005102,GO:0005178,GO:0005198,GO:0005201,GO:0005488,GO:0005515,GO:0005575,GO:0005576,GO:0005581,GO:0005583,GO:0005584,GO:0005585,GO:0005586,GO:0005588,GO:0005604,GO:0005615,GO:0005622,GO:0005623,GO:0005737,GO:0005783,GO:0005788,GO:0005794,GO:0006029,GO:0006355,GO:0006464,GO:0006807,GO:0006810,GO:0006928,GO:0006950,GO:0006979,GO:0007154,GO:0007155,GO:0007160,GO:0007162,GO:0007165,GO:0007166,GO:0007167,GO:0007169,GO:0007178,GO:0007179,GO:0007229,GO:0007275,GO:0007399,GO:0007417,GO:0007420,GO:0007423,GO:0007507,GO:0007517,GO:0007584,GO:0007596,GO:0007599,GO:0007600,GO:0007601,GO:0007605,GO:0008104,GO:0008150,GO:0008152,GO:0009058,GO:0009100,GO:0009314,GO:0009605,GO:0009611,GO:0009612,GO:0009628,GO:0009636,GO:0009653,GO:0009719,GO:0009725,GO:0009790,GO:0009792,GO:0009887,GO:0009888,GO:0009889,GO:0009891,GO:0009893,GO:0009966,GO:0009967,GO:0009968,GO:0009987,GO:0009991,GO:0010033,GO:0010035,GO:0010165,GO:0010171,GO:0010212,GO:0010243,GO:0010468,GO:0010470,GO:0010556,GO:0010557,GO:0010604,GO:0010628,GO:0010646,GO:0010647,GO:0010648,GO:0010717,GO:0010718,GO:0010721,GO:0010810,GO:0010812,GO:0010941,GO:0012505,GO:0014070,GO:0014074,GO:0015031,GO:0015833,GO:0016043,GO:0016477,GO:0018149,GO:0019219,GO:0019222,GO:0019538,GO:0019838,GO:0019899,GO:0021537,GO:0021543,GO:0021987,GO:0022008,GO:0022603,GO:0022607,GO:0022610,GO:0023051,GO:0023052,GO:0023056,GO:0023057,GO:0030111,GO:0030141,GO:0030154,GO:0030155,GO:0030168,GO:0030177,GO:0030198,GO:0030199,GO:0030334,GO:0030335,GO:0030336,GO:0030900,GO:0030903,GO:0031012,GO:0031214,GO:0031323,GO:0031325,GO:0031326,GO:0031328,GO:0031410,GO:0031589,GO:0031667,GO:0031668,GO:0031669,GO:0031670,GO:0031960,GO:0031974,GO:0031982,GO:0032355,GO:0032501,GO:0032502,GO:0032526,GO:0032870,GO:0032879,GO:0032963,GO:0032964,GO:0032991,GO:0033036,GO:0033197,GO:0033273,GO:0033365,GO:0033993,GO:0034097,GO:0034504,GO:0034505,GO:0034612,GO:0034613,GO:0035023,GO:0035025,GO:0035094,GO:0035107,GO:0035108,GO:0035239,GO:0035265,GO:0035295,GO:0035690,GO:0035904,GO:0035909,GO:0036072,GO:0036075,GO:0036211,GO:0036296,GO:0038063,GO:0038065,GO:0040007,GO:0040011,GO:0040012,GO:0040013,GO:0040017,GO:0042060,GO:0042221,GO:0042287,GO:0042289,GO:0042471,GO:0042472,GO:0042476,GO:0042493,GO:0042542,GO:0042592,GO:0042802,GO:0042886,GO:0042981,GO:0043009,GO:0043062,GO:0043066,GO:0043067,GO:0043069,GO:0043170,GO:0043200,GO:0043226,GO:0043227,GO:0043229,GO:0043231,GO:0043233,GO:0043412,GO:0043434,GO:0043583,GO:0043588,GO:0043589,GO:0043933,GO:0044085,GO:0044237,GO:0044238,GO:0044260,GO:0044267,GO:0044344,GO:0044420,GO:0044421,GO:0044422,GO:0044424,GO:0044432,GO:0044444,GO:0044446,GO:0044464,GO:0044691,GO:0044877,GO:0045184,GO:0045595,GO:0045596,GO:0045597,GO:0045893,GO:0045935,GO:0045992,GO:0045995,GO:0046332,GO:0046578,GO:0046579,GO:0046677,GO:0046683,GO:0048407,GO:0048513,GO:0048514,GO:0048518,GO:0048519,GO:0048522,GO:0048523,GO:0048545,GO:0048562,GO:0048565,GO:0048568,GO:0048583,GO:0048584,GO:0048585,GO:0048589,GO:0048592,GO:0048598,GO:0048644,GO:0048646,GO:0048699,GO:0048704,GO:0048705,GO:0048706,GO:0048729,GO:0048731,GO:0048736,GO:0048745,GO:0048839,GO:0048844,GO:0048856,GO:0048869,GO:0048870,GO:0048871,GO:0050767,GO:0050768,GO:0050776,GO:0050777,GO:0050789,GO:0050793,GO:0050794,GO:0050817,GO:0050839,GO:0050877,GO:0050878,GO:0050896,GO:0050900,GO:0050953,GO:0050954,GO:0051056,GO:0051057,GO:0051093,GO:0051094,GO:0051171,GO:0051173,GO:0051179,GO:0051216,GO:0051234,GO:0051239,GO:0051240,GO:0051241,GO:0051252,GO:0051254,GO:0051259,GO:0051270,GO:0051271,GO:0051272,GO:0051291,GO:0051591,GO:0051641,GO:0051674,GO:0051716,GO:0051960,GO:0051961,GO:0055093,GO:0055123,GO:0060021,GO:0060173,GO:0060174,GO:0060249,GO:0060255,GO:0060272,GO:0060284,GO:0060322,GO:0060323,GO:0060324,GO:0060325,GO:0060343,GO:0060346,GO:0060348,GO:0060349,GO:0060350,GO:0060351,GO:0060414,GO:0060415,GO:0060429,GO:0060537,GO:0060548,GO:0060828,GO:0060840,GO:0061061,GO:0061383,GO:0061430,GO:0061448,GO:0062023,GO:0065003,GO:0065007,GO:0065008,GO:0070013,GO:0070206,GO:0070208,GO:0070482,GO:0070727,GO:0070848,GO:0070849,GO:0070887,GO:0071107,GO:0071214,GO:0071229,GO:0071230,GO:0071260,GO:0071295,GO:0071300,GO:0071306,GO:0071310,GO:0071316,GO:0071345,GO:0071356,GO:0071363,GO:0071364,GO:0071374,GO:0071375,GO:0071396,GO:0071407,GO:0071417,GO:0071495,GO:0071496,GO:0071559,GO:0071560,GO:0071599,GO:0071702,GO:0071704,GO:0071705,GO:0071772,GO:0071773,GO:0071774,GO:0071840,GO:0072358,GO:0072359,GO:0072498,GO:0080090,GO:0090263,GO:0090596,GO:0097065,GO:0097237,GO:0097435,GO:0097708,GO:0098643,GO:0098644,GO:0098743,GO:0098868,GO:0099080,GO:0099081,GO:0099503,GO:0099512,GO:0104004,GO:1901099,GO:1901135,GO:1901564,GO:1901652,GO:1901653,GO:1901698,GO:1901699,GO:1901700,GO:1901701,GO:1902531,GO:1902533,GO:1902617,GO:1902618,GO:1902680,GO:1903224,GO:1903225,GO:1903506,GO:1903508,GO:1990314,GO:2000026,GO:2000112,GO:2000145,GO:2000146,GO:2000147,GO:2000542,GO:2001141,GO:2001222,GO:2001223,GO:2001233,GO:2001234,GO:2001236,GO:2001237,GO:2001239,GO:2001240
LOC124135885	GO:0000003,GO:0000060,GO:0001889,GO:0002064,GO:0002065,GO:0002066,GO:0002218,GO:0002221,GO:0002224,GO:0002225,GO:0002237,GO:0002253,GO:0002376,GO:0002520,GO:0002682,GO:0002683,GO:0002684,GO:0002697,GO:0002699,GO:0002700,GO:0002702,GO:0002753,GO:0002757,GO:0002758,GO:0002759,GO:0002760,GO:0002764,GO:0002784,GO:0002788,GO:0002804,GO:0002805,GO:0002807,GO:0002810,GO:0002831,GO:0002833,GO:0002920,GO:0002922,GO:0003002,GO:0003006,GO:0003674,GO:0005048,GO:0005488,GO:0005515,GO:0005575,GO:0005622,GO:0005623,GO:0005634,GO:0005737,GO:0005829,GO:0005886,GO:0006355,GO:0006357,GO:0006464,GO:0006508,GO:0006606,GO:0006807,GO:0006810,GO:0006886,GO:0006913,GO:0006915,GO:0006950,GO:0006952,GO:0006955,GO:0006959,GO:0006967,GO:0007154,GO:0007165,GO:0007166,GO:0007249,GO:0007253,GO:0007275,GO:0007276,GO:0007281,GO:0007292,GO:0007304,GO:0007306,GO:0007389,GO:0007399,GO:0008063,GO:0008104,GO:0008134,GO:0008139,GO:0008150,GO:0008152,GO:0008219,GO:0008593,GO:0009266,GO:0009409,GO:0009605,GO:0009607,GO:0009612,GO:0009617,GO:0009620,GO:0009628,GO:0009653,GO:0009798,GO:0009888,GO:0009889,GO:0009891,GO:0009893,GO:0009950,GO:0009953,GO:0009966,GO:0009968,GO:0009987,GO:0010033,GO:0010243,GO:0010468,GO:0010556,GO:0010557,GO:0010604,GO:0010628,GO:0010646,GO:0010648,GO:0010743,GO:0010745,GO:0010874,GO:0010875,GO:0010883,GO:0010888,GO:0010927,GO:0010941,GO:0012501,GO:0014070,GO:0015031,GO:0015833,GO:0016020,GO:0016043,GO:0016579,GO:0017038,GO:0019219,GO:0019221,GO:0019222,GO:0019538,GO:0019730,GO:0019732,GO:0019899,GO:0019953,GO:0022412,GO:0022414,GO:0022607,GO:0023051,GO:0023052,GO:0023057,GO:0030097,GO:0030154,GO:0030522,GO:0030703,GO:0030707,GO:0030855,GO:0031072,GO:0031099,GO:0031100,GO:0031323,GO:0031325,GO:0031326,GO:0031328,GO:0031347,GO:0031349,GO:0031594,GO:0031625,GO:0031663,GO:0032088,GO:0032101,GO:0032103,GO:0032268,GO:0032270,GO:0032368,GO:0032370,GO:0032371,GO:0032373,GO:0032374,GO:0032376,GO:0032495,GO:0032496,GO:0032501,GO:0032502,GO:0032504,GO:0032879,GO:0032989,GO:0032991,GO:0033036,GO:0033209,GO:0033218,GO:0033256,GO:0033365,GO:0033554,GO:0033993,GO:0034097,GO:0034142,GO:0034248,GO:0034250,GO:0034504,GO:0034612,GO:0034613,GO:0035556,GO:0035872,GO:0035994,GO:0036211,GO:0042127,GO:0042221,GO:0042277,GO:0042493,GO:0042802,GO:0042886,GO:0042981,GO:0042994,GO:0043066,GO:0043067,GO:0043069,GO:0043170,GO:0043207,GO:0043226,GO:0043227,GO:0043229,GO:0043231,GO:0043330,GO:0043331,GO:0043392,GO:0043412,GO:0043433,GO:0043900,GO:0043902,GO:0044085,GO:0044092,GO:0044237,GO:0044238,GO:0044260,GO:0044267,GO:0044389,GO:0044424,GO:0044444,GO:0044464,GO:0044703,GO:0044877,GO:0045087,GO:0045088,GO:0045089,GO:0045184,GO:0045185,GO:0045202,GO:0045595,GO:0045596,GO:0045637,GO:0045638,GO:0045746,GO:0045893,GO:0045935,GO:0045944,GO:0046843,GO:0046907,GO:0048145,GO:0048468,GO:0048477,GO:0048513,GO:0048518,GO:0048519,GO:0048522,GO:0048523,GO:0048534,GO:0048583,GO:0048584,GO:0048585,GO:0048609,GO:0048646,GO:0048731,GO:0048732,GO:0048856,GO:0048869,GO:0050727,GO:0050729,GO:0050776,GO:0050778,GO:0050789,GO:0050793,GO:0050794,GO:0050832,GO:0050896,GO:0051049,GO:0051050,GO:0051059,GO:0051090,GO:0051093,GO:0051098,GO:0051100,GO:0051101,GO:0051169,GO:0051170,GO:0051171,GO:0051173,GO:0051179,GO:0051220,GO:0051234,GO:0051235,GO:0051239,GO:0051241,GO:0051246,GO:0051247,GO:0051252,GO:0051254,GO:0051641,GO:0051649,GO:0051704,GO:0051707,GO:0051716,GO:0060255,GO:0060429,GO:0060548,GO:0061008,GO:0065007,GO:0065008,GO:0065009,GO:0070417,GO:0070423,GO:0070427,GO:0070431,GO:0070498,GO:0070555,GO:0070646,GO:0070647,GO:0070727,GO:0070887,GO:0071216,GO:0071219,GO:0071222,GO:0071310,GO:0071345,GO:0071347,GO:0071356,GO:0071396,GO:0071407,GO:0071702,GO:0071704,GO:0071705,GO:0071840,GO:0071944,GO:0072594,GO:0080090,GO:0080134,GO:0097421,GO:0098542,GO:1900150,GO:1901222,GO:1901564,GO:1901652,GO:1901698,GO:1901700,GO:1901701,GO:1902531,GO:1902680,GO:1903506,GO:1903508,GO:1903706,GO:1903707,GO:1905952,GO:1905953,GO:1905954,GO:2000026,GO:2000112,GO:2001141
LOC124136226	GO:0001101,GO:0001523,GO:0003674,GO:0003824,GO:0003834,GO:0004497,GO:0005575,GO:0005622,GO:0005623,GO:0005737,GO:0005739,GO:0005759,GO:0005829,GO:0006081,GO:0006082,GO:0006629,GO:0006720,GO:0006721,GO:0006766,GO:0006775,GO:0006776,GO:0008150,GO:0008152,GO:0008299,GO:0008300,GO:0008610,GO:0009056,GO:0009058,GO:0009110,GO:0009987,GO:0010033,GO:0010817,GO:0016042,GO:0016101,GO:0016102,GO:0016108,GO:0016114,GO:0016116,GO:0016119,GO:0016121,GO:0016122,GO:0016491,GO:0016701,GO:0016702,GO:0019222,GO:0019752,GO:0031323,GO:0031974,GO:0032526,GO:0032787,GO:0033993,GO:0034754,GO:0035238,GO:0042214,GO:0042221,GO:0042362,GO:0042391,GO:0042445,GO:0042573,GO:0042574,GO:0043226,GO:0043227,GO:0043229,GO:0043231,GO:0043233,GO:0043436,GO:0044237,GO:0044238,GO:0044242,GO:0044248,GO:0044249,GO:0044255,GO:0044281,GO:0044283,GO:0044422,GO:0044424,GO:0044429,GO:0044444,GO:0044446,GO:0044464,GO:0046247,GO:0050789,GO:0050794,GO:0050896,GO:0051213,GO:0051881,GO:0055114,GO:0065007,GO:0065008,GO:0070013,GO:0071704,GO:1901575,GO:1901576,GO:1901700,GO:1901810,GO:2000377
LOC124137542	GO:0000070,GO:0000228,GO:0000278,GO:0000280,GO:0000793,GO:0000794,GO:0000819,GO:0001701,GO:0001756,GO:0001932,GO:0002020,GO:0002576,GO:0002791,GO:0002793,GO:0003002,GO:0003007,GO:0003008,GO:0003012,GO:0003013,GO:0003015,GO:0003300,GO:0003674,GO:0003779,GO:0003824,GO:0004672,GO:0004674,GO:0004713,GO:0005198,GO:0005200,GO:0005488,GO:0005509,GO:0005515,GO:0005516,GO:0005575,GO:0005576,GO:0005622,GO:0005623,GO:0005634,GO:0005694,GO:0005737,GO:0005829,GO:0005856,GO:0005859,GO:0005865,GO:0006323,GO:0006464,GO:0006468,GO:0006793,GO:0006796,GO:0006807,GO:0006810,GO:0006887,GO:0006928,GO:0006936,GO:0006941,GO:0006996,GO:0007010,GO:0007015,GO:0007049,GO:0007059,GO:0007076,GO:0007154,GO:0007165,GO:0007275,GO:0007389,GO:0007399,GO:0007417,GO:0007420,GO:0007507,GO:0007512,GO:0007517,GO:0008015,GO:0008092,GO:0008150,GO:0008152,GO:0008307,GO:0009581,GO:0009582,GO:0009605,GO:0009612,GO:0009628,GO:0009653,GO:0009790,GO:0009792,GO:0009887,GO:0009888,GO:0009893,GO:0009952,GO:0009987,GO:0010035,GO:0010038,GO:0010468,GO:0010604,GO:0010628,GO:0010737,GO:0010927,GO:0014706,GO:0014866,GO:0014896,GO:0014897,GO:0015629,GO:0016043,GO:0016192,GO:0016301,GO:0016310,GO:0016459,GO:0016460,GO:0016740,GO:0016772,GO:0016773,GO:0018108,GO:0018193,GO:0018212,GO:0019220,GO:0019222,GO:0019538,GO:0019899,GO:0019900,GO:0019901,GO:0021591,GO:0022402,GO:0022607,GO:0023052,GO:0030016,GO:0030017,GO:0030018,GO:0030029,GO:0030036,GO:0030048,GO:0030049,GO:0030154,GO:0030239,GO:0030240,GO:0030241,GO:0030261,GO:0030506,GO:0031032,GO:0031033,GO:0031034,GO:0031323,GO:0031399,GO:0031430,GO:0031433,GO:0031672,GO:0031674,GO:0031974,GO:0031981,GO:0032268,GO:0032501,GO:0032502,GO:0032879,GO:0032880,GO:0032940,GO:0032989,GO:0032991,GO:0033058,GO:0033275,GO:0034622,GO:0035051,GO:0035265,GO:0035282,GO:0035556,GO:0035994,GO:0035995,GO:0036211,GO:0036379,GO:0040007,GO:0040011,GO:0042221,GO:0042325,GO:0042692,GO:0042802,GO:0042805,GO:0043009,GO:0043056,GO:0043167,GO:0043169,GO:0043170,GO:0043226,GO:0043227,GO:0043228,GO:0043229,GO:0043231,GO:0043232,GO:0043233,GO:0043292,GO:0043412,GO:0043549,GO:0043621,GO:0043933,GO:0044057,GO:0044085,GO:0044237,GO:0044238,GO:0044260,GO:0044267,GO:0044422,GO:0044424,GO:0044428,GO:0044430,GO:0044444,GO:0044446,GO:0044449,GO:0044464,GO:0044877,GO:0045055,GO:0045214,GO:0045859,GO:0046872,GO:0046903,GO:0048285,GO:0048468,GO:0048513,GO:0048518,GO:0048522,GO:0048589,GO:0048644,GO:0048646,GO:0048729,GO:0048731,GO:0048738,GO:0048739,GO:0048747,GO:0048769,GO:0048856,GO:0048869,GO:0050708,GO:0050714,GO:0050789,GO:0050790,GO:0050794,GO:0050896,GO:0050982,GO:0051015,GO:0051046,GO:0051047,GO:0051049,GO:0051050,GO:0051146,GO:0051171,GO:0051174,GO:0051179,GO:0051222,GO:0051223,GO:0051234,GO:0051239,GO:0051246,GO:0051276,GO:0051338,GO:0051371,GO:0051393,GO:0051592,GO:0051606,GO:0051716,GO:0055001,GO:0055002,GO:0055003,GO:0055006,GO:0055007,GO:0055008,GO:0055013,GO:0060047,GO:0060048,GO:0060255,GO:0060322,GO:0060415,GO:0060419,GO:0060429,GO:0060537,GO:0061053,GO:0061061,GO:0065003,GO:0065007,GO:0065009,GO:0070013,GO:0070201,GO:0070252,GO:0070925,GO:0071103,GO:0071688,GO:0071704,GO:0071840,GO:0072359,GO:0080090,GO:0090087,GO:0090257,GO:0097435,GO:0097493,GO:0098813,GO:0099080,GO:0099081,GO:0099512,GO:0140014,GO:0140096,GO:1901077,GO:1901564,GO:1901897,GO:1903047,GO:1903530,GO:1903532,GO:1904951
LOC124137998	GO:0000209,GO:0003674,GO:0003824,GO:0004842,GO:0005488,GO:0005515,GO:0005575,GO:0005622,GO:0005623,GO:0006464,GO:0006807,GO:0008150,GO:0008152,GO:0009893,GO:0009894,GO:0009896,GO:0009987,GO:0010604,GO:0016567,GO:0016740,GO:0019222,GO:0019538,GO:0019787,GO:0019899,GO:0030162,GO:0031323,GO:0031325,GO:0031329,GO:0031331,GO:0031624,GO:0032268,GO:0032270,GO:0032434,GO:0032436,GO:0032446,GO:0036211,GO:0042176,GO:0043170,GO:0043412,GO:0044237,GO:0044238,GO:0044260,GO:0044267,GO:0044390,GO:0044464,GO:0045732,GO:0045862,GO:0048518,GO:0048522,GO:0050789,GO:0050794,GO:0051171,GO:0051173,GO:0051246,GO:0051247,GO:0060255,GO:0061136,GO:0061630,GO:0061659,GO:0065007,GO:0070647,GO:0071704,GO:0080090,GO:0140096,GO:1901564,GO:1901800,GO:1903050,GO:1903052,GO:1903362,GO:1903364,GO:2000058,GO:2000060
LOC124138221	GO:0003674,GO:0003676,GO:0003723,GO:0005488,GO:0005575,GO:0005622,GO:0005623,GO:0005737,GO:0005739,GO:0005759,GO:0006725,GO:0006778,GO:0006779,GO:0006783,GO:0006790,GO:0006807,GO:0008150,GO:0008152,GO:0009058,GO:0009987,GO:0016043,GO:0016226,GO:0018130,GO:0019438,GO:0022607,GO:0031163,GO:0031974,GO:0033013,GO:0033014,GO:0034641,GO:0042168,GO:0042440,GO:0043226,GO:0043227,GO:0043229,GO:0043231,GO:0043233,GO:0044085,GO:0044237,GO:0044249,GO:0044271,GO:0044422,GO:0044424,GO:0044429,GO:0044444,GO:0044446,GO:0044464,GO:0046148,GO:0046483,GO:0051186,GO:0051188,GO:0070013,GO:0071704,GO:0071840,GO:0097159,GO:1901360,GO:1901362,GO:1901363,GO:1901564,GO:1901566,GO:1901576
LOC124138702	GO:0000775,GO:0000776,GO:0000777,GO:0000779,GO:0000793,GO:0005575,GO:0005622,GO:0005623,GO:0005634,GO:0005654,GO:0005694,GO:0005737,GO:0005829,GO:0006323,GO:0006325,GO:0006333,GO:0006334,GO:0006336,GO:0006338,GO:0006996,GO:0008150,GO:0009987,GO:0016043,GO:0022607,GO:0031055,GO:0031497,GO:0031974,GO:0031981,GO:0032991,GO:0034080,GO:0034508,GO:0034622,GO:0034724,GO:0034728,GO:0043044,GO:0043226,GO:0043227,GO:0043228,GO:0043229,GO:0043231,GO:0043232,GO:0043233,GO:0043486,GO:0043933,GO:0044085,GO:0044422,GO:0044424,GO:0044427,GO:0044428,GO:0044444,GO:0044446,GO:0044464,GO:0051276,GO:0061641,GO:0065003,GO:0065004,GO:0070013,GO:0071103,GO:0071824,GO:0071840,GO:0098687
LOC124138786	GO:0000018,GO:0000346,GO:0000347,GO:0000445,GO:0002637,GO:0002638,GO:0002682,GO:0002683,GO:0002694,GO:0002695,GO:0002697,GO:0002698,GO:0002700,GO:0002701,GO:0002703,GO:0002704,GO:0002706,GO:0002707,GO:0002712,GO:0002713,GO:0002819,GO:0002820,GO:0002822,GO:0002823,GO:0002889,GO:0002890,GO:0005575,GO:0005576,GO:0005622,GO:0005623,GO:0005634,GO:0005654,GO:0005737,GO:0005829,GO:0006139,GO:0006259,GO:0006260,GO:0006261,GO:0006355,GO:0006396,GO:0006397,GO:0006403,GO:0006405,GO:0006406,GO:0006611,GO:0006725,GO:0006807,GO:0006810,GO:0006886,GO:0006913,GO:0006915,GO:0006950,GO:0008104,GO:0008150,GO:0008152,GO:0008219,GO:0009058,GO:0009059,GO:0009266,GO:0009408,GO:0009628,GO:0009889,GO:0009891,GO:0009892,GO:0009893,GO:0009987,GO:0010467,GO:0010468,GO:0010556,GO:0010557,GO:0010604,GO:0010605,GO:0010628,GO:0012501,GO:0015031,GO:0015833,GO:0015931,GO:0016070,GO:0016071,GO:0016363,GO:0016604,GO:0016607,GO:0019219,GO:0019222,GO:0031123,GO:0031124,GO:0031297,GO:0031323,GO:0031324,GO:0031325,GO:0031326,GO:0031328,GO:0031503,GO:0031974,GO:0031981,GO:0031990,GO:0032784,GO:0032786,GO:0032991,GO:0033036,GO:0033554,GO:0034399,GO:0034605,GO:0034613,GO:0034641,GO:0034645,GO:0042886,GO:0043170,GO:0043226,GO:0043227,GO:0043229,GO:0043231,GO:0043233,GO:0044237,GO:0044238,GO:0044249,GO:0044260,GO:0044403,GO:0044417,GO:0044419,GO:0044421,GO:0044422,GO:0044424,GO:0044428,GO:0044444,GO:0044446,GO:0044451,GO:0044464,GO:0044766,GO:0045005,GO:0045171,GO:0045184,GO:0045191,GO:0045787,GO:0045829,GO:0045893,GO:0045910,GO:0045934,GO:0045935,GO:0046483,GO:0046784,GO:0046907,GO:0048296,GO:0048297,GO:0048518,GO:0048519,GO:0048522,GO:0048523,GO:0048583,GO:0048585,GO:0050657,GO:0050658,GO:0050776,GO:0050777,GO:0050789,GO:0050793,GO:0050794,GO:0050864,GO:0050865,GO:0050866,GO:0050869,GO:0050896,GO:0051028,GO:0051052,GO:0051053,GO:0051093,GO:0051168,GO:0051169,GO:0051171,GO:0051172,GO:0051173,GO:0051179,GO:0051234,GO:0051236,GO:0051239,GO:0051241,GO:0051249,GO:0051250,GO:0051252,GO:0051254,GO:0051641,GO:0051649,GO:0051701,GO:0051704,GO:0051716,GO:0051726,GO:0051836,GO:0060255,GO:0065007,GO:0070013,GO:0070727,GO:0071166,GO:0071426,GO:0071427,GO:0071702,GO:0071704,GO:0071705,GO:0080090,GO:0080134,GO:0080135,GO:0090304,GO:1901360,GO:1901576,GO:1901976,GO:1901977,GO:1902579,GO:1902680,GO:1903506,GO:1903508,GO:2000001,GO:2000002,GO:2000026,GO:2000112,GO:2001020,GO:2001021,GO:2001141
LOC124138813	GO:0000428,GO:0001054,GO:0003674,GO:0003682,GO:0003824,GO:0003899,GO:0005488,GO:0005575,GO:0005622,GO:0005623,GO:0005634,GO:0005654,GO:0005730,GO:0005736,GO:0006139,GO:0006351,GO:0006352,GO:0006353,GO:0006360,GO:0006361,GO:0006363,GO:0006725,GO:0006807,GO:0008150,GO:0008152,GO:0009058,GO:0009059,GO:0009303,GO:0009893,GO:0009987,GO:0010467,GO:0010468,GO:0010604,GO:0010628,GO:0016070,GO:0016072,GO:0016740,GO:0016772,GO:0016779,GO:0018130,GO:0019222,GO:0019438,GO:0030880,GO:0031974,GO:0031981,GO:0032774,GO:0032879,GO:0032880,GO:0032991,GO:0034062,GO:0034641,GO:0034645,GO:0034654,GO:0034660,GO:0040029,GO:0043170,GO:0043226,GO:0043227,GO:0043228,GO:0043229,GO:0043231,GO:0043232,GO:0043233,GO:0044237,GO:0044238,GO:0044249,GO:0044260,GO:0044271,GO:0044422,GO:0044424,GO:0044428,GO:0044446,GO:0044452,GO:0044464,GO:0045815,GO:0046483,GO:0048518,GO:0048519,GO:0050789,GO:0055029,GO:0060255,GO:0060341,GO:0061695,GO:0065007,GO:0070013,GO:0071704,GO:0090304,GO:0097659,GO:0097747,GO:0098781,GO:0140098,GO:1900180,GO:1900181,GO:1901360,GO:1901362,GO:1901576,GO:1902494,GO:1903827,GO:1903828,GO:1904749,GO:1904750,GO:1990234
LOC124139450	GO:0000166,GO:0000323,GO:0001882,GO:0001883,GO:0002376,GO:0003674,GO:0003824,GO:0003924,GO:0005488,GO:0005515,GO:0005525,GO:0005575,GO:0005622,GO:0005623,GO:0005737,GO:0005739,GO:0005740,GO:0005741,GO:0005764,GO:0005768,GO:0005769,GO:0005773,GO:0005783,GO:0005794,GO:0005802,GO:0005829,GO:0006464,GO:0006807,GO:0006810,GO:0006873,GO:0006885,GO:0006996,GO:0007005,GO:0007033,GO:0007040,GO:0007154,GO:0007165,GO:0007264,GO:0008104,GO:0008150,GO:0008152,GO:0009605,GO:0009987,GO:0010256,GO:0010876,GO:0012505,GO:0012506,GO:0015031,GO:0015833,GO:0016020,GO:0016043,GO:0016050,GO:0016462,GO:0016787,GO:0016817,GO:0016818,GO:0017076,GO:0017111,GO:0019001,GO:0019538,GO:0019725,GO:0019867,GO:0019882,GO:0019915,GO:0021700,GO:0022607,GO:0023052,GO:0030003,GO:0030004,GO:0030139,GO:0030154,GO:0030641,GO:0030659,GO:0030742,GO:0031090,GO:0031410,GO:0031966,GO:0031967,GO:0031968,GO:0031975,GO:0031982,GO:0031984,GO:0032438,GO:0032502,GO:0032549,GO:0032550,GO:0032553,GO:0032555,GO:0032561,GO:0033036,GO:0033059,GO:0033162,GO:0033363,GO:0034613,GO:0035556,GO:0035639,GO:0035646,GO:0035650,GO:0035651,GO:0036094,GO:0036211,GO:0036461,GO:0042470,GO:0042592,GO:0042886,GO:0043167,GO:0043168,GO:0043170,GO:0043226,GO:0043227,GO:0043229,GO:0043231,GO:0043412,GO:0043473,GO:0043476,GO:0043482,GO:0043485,GO:0043687,GO:0044085,GO:0044232,GO:0044233,GO:0044237,GO:0044238,GO:0044260,GO:0044267,GO:0044422,GO:0044424,GO:0044429,GO:0044431,GO:0044433,GO:0044444,GO:0044446,GO:0044464,GO:0044840,GO:0044841,GO:0044877,GO:0045009,GO:0045184,GO:0045335,GO:0045851,GO:0046907,GO:0048066,GO:0048753,GO:0048757,GO:0048770,GO:0048869,GO:0048878,GO:0050789,GO:0050794,GO:0050801,GO:0050896,GO:0050931,GO:0051179,GO:0051234,GO:0051235,GO:0051452,GO:0051453,GO:0051641,GO:0051649,GO:0051716,GO:0055067,GO:0055080,GO:0055082,GO:0060155,GO:0065007,GO:0065008,GO:0070727,GO:0070925,GO:0071702,GO:0071704,GO:0071705,GO:0071840,GO:0072657,GO:0080171,GO:0090382,GO:0090383,GO:0090741,GO:0097159,GO:0097367,GO:0097708,GO:0098588,GO:0098771,GO:0098791,GO:0098805,GO:1901265,GO:1901363,GO:1901564,GO:1903232
LOC124139489	GO:0003674,GO:0005215,GO:0005575,GO:0005622,GO:0005623,GO:0005886,GO:0005887,GO:0006810,GO:0006811,GO:0006820,GO:0008150,GO:0008509,GO:0008514,GO:0015075,GO:0015291,GO:0015347,GO:0015711,GO:0016020,GO:0016021,GO:0022804,GO:0022857,GO:0031224,GO:0031226,GO:0034220,GO:0043226,GO:0043229,GO:0043252,GO:0044424,GO:0044425,GO:0044459,GO:0044464,GO:0051179,GO:0051234,GO:0055085,GO:0071702,GO:0071944,GO:0098656
LOC124139679	GO:0003674,GO:0003824,GO:0005488,GO:0005515,GO:0005575,GO:0005622,GO:0005623,GO:0005737,GO:0005777,GO:0006139,GO:0006144,GO:0006725,GO:0006807,GO:0008150,GO:0008152,GO:0009112,GO:0009987,GO:0016787,GO:0016810,GO:0016811,GO:0016812,GO:0033971,GO:0034641,GO:0042579,GO:0042802,GO:0043226,GO:0043227,GO:0043229,GO:0043231,GO:0044237,GO:0044238,GO:0044281,GO:0044424,GO:0044444,GO:0044464,GO:0046483,GO:0055086,GO:0071704,GO:0072521,GO:1901360,GO:1901564
LOC124140214	GO:0003674,GO:0003774,GO:0003777,GO:0003824,GO:0005575,GO:0005576,GO:0005615,GO:0005622,GO:0005623,GO:0005815,GO:0005856,GO:0005871,GO:0005875,GO:0006928,GO:0007017,GO:0007018,GO:0008150,GO:0009987,GO:0015630,GO:0016462,GO:0016787,GO:0016817,GO:0016818,GO:0016887,GO:0017111,GO:0031982,GO:0032991,GO:0043226,GO:0043227,GO:0043228,GO:0043229,GO:0043230,GO:0043232,GO:0044421,GO:0044422,GO:0044424,GO:0044430,GO:0044446,GO:0044464,GO:0070062,GO:1903561
LOC124140242	GO:0000151,GO:0000428,GO:0000578,GO:0003002,GO:0003674,GO:0003712,GO:0003713,GO:0005488,GO:0005515,GO:0005575,GO:0005622,GO:0005623,GO:0005634,GO:0005654,GO:0005667,GO:0006139,GO:0006351,GO:0006352,GO:0006355,GO:0006357,GO:0006366,GO:0006367,GO:0006464,GO:0006725,GO:0006807,GO:0007275,GO:0007350,GO:0007351,GO:0007389,GO:0007399,GO:0007406,GO:0008150,GO:0008152,GO:0008285,GO:0008595,GO:0009058,GO:0009059,GO:0009790,GO:0009798,GO:0009880,GO:0009889,GO:0009891,GO:0009893,GO:0009948,GO:0009952,GO:0009987,GO:0010467,GO:0010468,GO:0010556,GO:0010557,GO:0010604,GO:0010721,GO:0016070,GO:0016567,GO:0016591,GO:0016592,GO:0018130,GO:0019219,GO:0019222,GO:0019438,GO:0019538,GO:0022008,GO:0030154,GO:0030880,GO:0031323,GO:0031325,GO:0031326,GO:0031328,GO:0031974,GO:0031981,GO:0032446,GO:0032501,GO:0032502,GO:0032774,GO:0032991,GO:0034641,GO:0034645,GO:0034654,GO:0035282,GO:0036211,GO:0042127,GO:0043170,GO:0043226,GO:0043227,GO:0043229,GO:0043231,GO:0043233,GO:0043412,GO:0044237,GO:0044238,GO:0044249,GO:0044260,GO:0044267,GO:0044271,GO:0044422,GO:0044424,GO:0044428,GO:0044446,GO:0044451,GO:0044464,GO:0044798,GO:0045595,GO:0045596,GO:0045935,GO:0046483,GO:0048145,GO:0048147,GO:0048518,GO:0048519,GO:0048522,GO:0048523,GO:0048699,GO:0048731,GO:0048736,GO:0048856,GO:0048869,GO:0050767,GO:0050768,GO:0050789,GO:0050793,GO:0050794,GO:0051093,GO:0051171,GO:0051173,GO:0051239,GO:0051241,GO:0051252,GO:0051254,GO:0051960,GO:0051961,GO:0055029,GO:0060173,GO:0060255,GO:0060284,GO:0061695,GO:0065007,GO:0070013,GO:0070647,GO:0070847,GO:0071704,GO:0072091,GO:0080090,GO:0090304,GO:0090575,GO:0097659,GO:0140110,GO:1901360,GO:1901362,GO:1901564,GO:1901576,GO:1902494,GO:1902680,GO:1902692,GO:1903506,GO:1903508,GO:1990234,GO:2000026,GO:2000112,GO:2000177,GO:2000178,GO:2000647,GO:2001141
LOC124140465	GO:0001775,GO:0001891,GO:0002009,GO:0002011,GO:0002252,GO:0002263,GO:0002274,GO:0002275,GO:0002283,GO:0002366,GO:0002376,GO:0002443,GO:0002444,GO:0002446,GO:0003674,GO:0005096,GO:0005488,GO:0005515,GO:0005543,GO:0005547,GO:0005575,GO:0005576,GO:0005622,GO:0005623,GO:0005634,GO:0005654,GO:0005737,GO:0005768,GO:0005829,GO:0005886,GO:0006810,GO:0006887,GO:0006897,GO:0006898,GO:0006909,GO:0006911,GO:0006955,GO:0006996,GO:0007010,GO:0007015,GO:0008047,GO:0008150,GO:0008289,GO:0008360,GO:0009653,GO:0009888,GO:0009966,GO:0009968,GO:0009987,GO:0010324,GO:0010646,GO:0010648,GO:0012505,GO:0016020,GO:0016043,GO:0016192,GO:0017124,GO:0019904,GO:0022603,GO:0022604,GO:0023051,GO:0023057,GO:0030029,GO:0030036,GO:0030141,GO:0030234,GO:0030695,GO:0031410,GO:0031974,GO:0031981,GO:0031982,GO:0031983,GO:0032502,GO:0032940,GO:0034774,GO:0035091,GO:0036230,GO:0042119,GO:0043085,GO:0043087,GO:0043167,GO:0043168,GO:0043226,GO:0043227,GO:0043229,GO:0043231,GO:0043233,GO:0043299,GO:0043312,GO:0043547,GO:0044093,GO:0044422,GO:0044424,GO:0044425,GO:0044428,GO:0044433,GO:0044444,GO:0044446,GO:0044459,GO:0044464,GO:0045055,GO:0045321,GO:0046903,GO:0048519,GO:0048523,GO:0048583,GO:0048585,GO:0048729,GO:0048856,GO:0050789,GO:0050790,GO:0050793,GO:0050794,GO:0050896,GO:0051056,GO:0051058,GO:0051128,GO:0051179,GO:0051234,GO:0051336,GO:0051345,GO:0060205,GO:0060429,GO:0060589,GO:0061024,GO:0065007,GO:0065008,GO:0065009,GO:0070013,GO:0071840,GO:0071944,GO:0097435,GO:0097708,GO:0098657,GO:0098772,GO:0099024,GO:0099503,GO:1901981,GO:1902531,GO:1902532
LOC124140918	GO:0000184,GO:0000956,GO:0002181,GO:0002227,GO:0002251,GO:0002376,GO:0002385,GO:0003674,GO:0003676,GO:0003723,GO:0003735,GO:0005198,GO:0005488,GO:0005575,GO:0005576,GO:0005615,GO:0005622,GO:0005623,GO:0005634,GO:0005654,GO:0005737,GO:0005829,GO:0005840,GO:0006139,GO:0006401,GO:0006402,GO:0006412,GO:0006413,GO:0006518,GO:0006605,GO:0006612,GO:0006613,GO:0006614,GO:0006725,GO:0006807,GO:0006810,GO:0006886,GO:0006950,GO:0006952,GO:0006955,GO:0006959,GO:0008104,GO:0008150,GO:0008152,GO:0009056,GO:0009057,GO:0009058,GO:0009059,GO:0009605,GO:0009607,GO:0009617,GO:0009892,GO:0009987,GO:0010467,GO:0010468,GO:0010605,GO:0010629,GO:0015031,GO:0015833,GO:0015935,GO:0016070,GO:0016071,GO:0019222,GO:0019439,GO:0019538,GO:0019730,GO:0019731,GO:0022626,GO:0022627,GO:0031974,GO:0031981,GO:0032991,GO:0033036,GO:0033365,GO:0034613,GO:0034641,GO:0034645,GO:0034655,GO:0042742,GO:0042886,GO:0043043,GO:0043170,GO:0043207,GO:0043226,GO:0043227,GO:0043228,GO:0043229,GO:0043231,GO:0043232,GO:0043233,GO:0043603,GO:0043604,GO:0044237,GO:0044238,GO:0044248,GO:0044249,GO:0044260,GO:0044265,GO:0044267,GO:0044270,GO:0044271,GO:0044391,GO:0044421,GO:0044422,GO:0044424,GO:0044428,GO:0044444,GO:0044445,GO:0044446,GO:0044464,GO:0045047,GO:0045087,GO:0045184,GO:0046483,GO:0046700,GO:0046907,GO:0048519,GO:0050789,GO:0050830,GO:0050896,GO:0051179,GO:0051234,GO:0051641,GO:0051649,GO:0051704,GO:0051707,GO:0060255,GO:0061844,GO:0065007,GO:0070013,GO:0070727,GO:0070972,GO:0071702,GO:0071704,GO:0071705,GO:0072594,GO:0072599,GO:0072657,GO:0090150,GO:0090304,GO:0097159,GO:0098542,GO:1901360,GO:1901361,GO:1901363,GO:1901564,GO:1901566,GO:1901575,GO:1901576,GO:1990904
LOC124142001	GO:0000003,GO:0000165,GO:0001101,GO:0001501,GO:0001505,GO:0001568,GO:0001678,GO:0001775,GO:0001817,GO:0001818,GO:0001819,GO:0001932,GO:0001934,GO:0001944,GO:0001956,GO:0002237,GO:0002252,GO:0002263,GO:0002285,GO:0002286,GO:0002287,GO:0002292,GO:0002293,GO:0002294,GO:0002366,GO:0002376,GO:0002520,GO:0002521,GO:0002682,GO:0002683,GO:0002684,GO:0002685,GO:0002686,GO:0002687,GO:0002691,GO:0002692,GO:0002693,GO:0002791,GO:0002792,GO:0002793,GO:0003008,GO:0003014,GO:0003674,GO:0004888,GO:0004930,GO:0004953,GO:0004954,GO:0004955,GO:0004957,GO:0005575,GO:0005622,GO:0005623,GO:0005634,GO:0005635,GO:0005886,GO:0006109,GO:0006464,GO:0006468,GO:0006793,GO:0006796,GO:0006807,GO:0006937,GO:0006940,GO:0006950,GO:0006955,GO:0007154,GO:0007165,GO:0007186,GO:0007187,GO:0007188,GO:0007189,GO:0007254,GO:0007275,GO:0007565,GO:0007567,GO:0008150,GO:0008152,GO:0008284,GO:0009605,GO:0009607,GO:0009612,GO:0009617,GO:0009628,GO:0009653,GO:0009719,GO:0009725,GO:0009743,GO:0009746,GO:0009749,GO:0009889,GO:0009890,GO:0009891,GO:0009892,GO:0009893,GO:0009966,GO:0009967,GO:0009987,GO:0010033,GO:0010243,GO:0010310,GO:0010468,GO:0010556,GO:0010557,GO:0010558,GO:0010562,GO:0010604,GO:0010605,GO:0010628,GO:0010646,GO:0010647,GO:0010727,GO:0010817,GO:0010840,GO:0012505,GO:0014070,GO:0014910,GO:0014911,GO:0016020,GO:0016021,GO:0016310,GO:0019220,GO:0019222,GO:0019538,GO:0019725,GO:0019932,GO:0019933,GO:0019935,GO:0022414,GO:0022603,GO:0023014,GO:0023051,GO:0023052,GO:0023056,GO:0030097,GO:0030098,GO:0030154,GO:0030155,GO:0030217,GO:0030278,GO:0030334,GO:0030335,GO:0030336,GO:0031090,GO:0031098,GO:0031224,GO:0031323,GO:0031324,GO:0031325,GO:0031326,GO:0031328,GO:0031333,GO:0031347,GO:0031348,GO:0031349,GO:0031399,GO:0031401,GO:0031965,GO:0031967,GO:0031975,GO:0032101,GO:0032102,GO:0032103,GO:0032231,GO:0032268,GO:0032270,GO:0032496,GO:0032501,GO:0032502,GO:0032504,GO:0032570,GO:0032650,GO:0032652,GO:0032653,GO:0032677,GO:0032680,GO:0032690,GO:0032692,GO:0032720,GO:0032733,GO:0032757,GO:0032870,GO:0032879,GO:0032880,GO:0032881,GO:0032885,GO:0032956,GO:0032970,GO:0033043,GO:0033500,GO:0033554,GO:0033623,GO:0033624,GO:0033993,GO:0034097,GO:0034103,GO:0034105,GO:0034284,GO:0034694,GO:0034695,GO:0035239,GO:0035295,GO:0035556,GO:0035710,GO:0035809,GO:0035810,GO:0035813,GO:0035815,GO:0035902,GO:0036211,GO:0036477,GO:0038023,GO:0040008,GO:0040012,GO:0040013,GO:0040017,GO:0042093,GO:0042110,GO:0042127,GO:0042221,GO:0042320,GO:0042321,GO:0042322,GO:0042325,GO:0042327,GO:0042465,GO:0042466,GO:0042493,GO:0042509,GO:0042531,GO:0042592,GO:0042593,GO:0042749,GO:0042752,GO:0042753,GO:0042754,GO:0042995,GO:0043005,GO:0043025,GO:0043170,GO:0043200,GO:0043207,GO:0043226,GO:0043227,GO:0043229,GO:0043231,GO:0043254,GO:0043255,GO:0043367,GO:0043412,GO:0043949,GO:0043950,GO:0044057,GO:0044062,GO:0044087,GO:0044237,GO:0044238,GO:0044260,GO:0044267,GO:0044297,GO:0044306,GO:0044422,GO:0044424,GO:0044425,GO:0044428,GO:0044446,GO:0044463,GO:0044464,GO:0044703,GO:0044706,GO:0045124,GO:0045187,GO:0045188,GO:0045321,GO:0045595,GO:0045597,GO:0045667,GO:0045669,GO:0045778,GO:0045780,GO:0045785,GO:0045913,GO:0045927,GO:0045932,GO:0045937,GO:0045938,GO:0045986,GO:0046010,GO:0046425,GO:0046427,GO:0046631,GO:0046632,GO:0046649,GO:0046850,GO:0046852,GO:0046883,GO:0046887,GO:0046928,GO:0048513,GO:0048514,GO:0048518,GO:0048519,GO:0048520,GO:0048521,GO:0048522,GO:0048523,GO:0048534,GO:0048545,GO:0048583,GO:0048584,GO:0048585,GO:0048609,GO:0048638,GO:0048639,GO:0048731,GO:0048844,GO:0048856,GO:0048869,GO:0048878,GO:0050704,GO:0050705,GO:0050707,GO:0050708,GO:0050709,GO:0050710,GO:0050711,GO:0050712,GO:0050714,GO:0050715,GO:0050727,GO:0050728,GO:0050729,GO:0050730,GO:0050731,GO:0050789,GO:0050793,GO:0050794,GO:0050795,GO:0050804,GO:0050806,GO:0050878,GO:0050896,GO:0051046,GO:0051047,GO:0051048,GO:0051049,GO:0051050,GO:0051051,GO:0051093,GO:0051094,GO:0051128,GO:0051129,GO:0051171,GO:0051173,GO:0051174,GO:0051193,GO:0051195,GO:0051222,GO:0051223,GO:0051224,GO:0051239,GO:0051240,GO:0051241,GO:0051246,GO:0051247,GO:0051270,GO:0051271,GO:0051272,GO:0051403,GO:0051492,GO:0051493,GO:0051588,GO:0051590,GO:0051704,GO:0051707,GO:0051716,GO:0051769,GO:0051771,GO:0055082,GO:0060089,GO:0060137,GO:0060255,GO:0060341,GO:0060348,GO:0060840,GO:0061041,GO:0062012,GO:0062013,GO:0065007,GO:0065008,GO:0070201,GO:0070255,GO:0070257,GO:0070371,GO:0070542,GO:0070555,GO:0070887,GO:0071214,GO:0071229,GO:0071260,GO:0071310,GO:0071322,GO:0071326,GO:0071331,GO:0071333,GO:0071345,GO:0071347,GO:0071379,GO:0071380,GO:0071396,GO:0071398,GO:0071495,GO:0071496,GO:0071704,GO:0071944,GO:0072358,GO:0072359,GO:0080090,GO:0080134,GO:0090087,GO:0090257,GO:0090276,GO:0090277,GO:0090303,GO:0097070,GO:0097305,GO:0097306,GO:0097458,GO:0098801,GO:0099177,GO:0104004,GO:0110020,GO:0110053,GO:0120025,GO:0120038,GO:1900125,GO:1900127,GO:1901342,GO:1901343,GO:1901564,GO:1901654,GO:1901655,GO:1901698,GO:1901700,GO:1901701,GO:1902074,GO:1902531,GO:1902533,GO:1902622,GO:1902624,GO:1902903,GO:1903034,GO:1903036,GO:1903530,GO:1903531,GO:1903532,GO:1903555,GO:1903556,GO:1904304,GO:1904305,GO:1904335,GO:1904336,GO:1904347,GO:1904348,GO:1904362,GO:1904364,GO:1904365,GO:1904367,GO:1904458,GO:1904460,GO:1904464,GO:1904466,GO:1904467,GO:1904468,GO:1904470,GO:1904471,GO:1904494,GO:1904496,GO:1904892,GO:1904894,GO:1904950,GO:1904951,GO:1905651,GO:1905652,GO:1905939,GO:1905941,GO:1990785,GO:2000026,GO:2000145,GO:2000146,GO:2000147,GO:2000181,GO:2000194,GO:2000196,GO:2000241,GO:2000243,GO:2000354,GO:2000377,GO:2000378,GO:2000386,GO:2000387,GO:2000388,GO:2000389,GO:2000391,GO:2000416,GO:2000417,GO:2000419,GO:2000420,GO:2001023,GO:2001025,GO:2001179,GO:2001181
LOC124142235	GO:0000184,GO:0000956,GO:0003674,GO:0003735,GO:0005198,GO:0005575,GO:0005622,GO:0005623,GO:0005634,GO:0005654,GO:0005737,GO:0005794,GO:0005829,GO:0005840,GO:0006139,GO:0006401,GO:0006402,GO:0006412,GO:0006413,GO:0006518,GO:0006605,GO:0006612,GO:0006613,GO:0006614,GO:0006725,GO:0006807,GO:0006810,GO:0006886,GO:0008104,GO:0008150,GO:0008152,GO:0009056,GO:0009057,GO:0009058,GO:0009059,GO:0009892,GO:0009987,GO:0010033,GO:0010243,GO:0010467,GO:0010468,GO:0010605,GO:0010629,GO:0012505,GO:0015031,GO:0015833,GO:0015934,GO:0015935,GO:0016070,GO:0016071,GO:0019222,GO:0019439,GO:0019538,GO:0022625,GO:0022626,GO:0022627,GO:0031974,GO:0031981,GO:0032991,GO:0033036,GO:0033365,GO:0034613,GO:0034641,GO:0034645,GO:0034655,GO:0042221,GO:0042886,GO:0043043,GO:0043170,GO:0043226,GO:0043227,GO:0043228,GO:0043229,GO:0043231,GO:0043232,GO:0043233,GO:0043603,GO:0043604,GO:0044237,GO:0044238,GO:0044248,GO:0044249,GO:0044260,GO:0044265,GO:0044267,GO:0044270,GO:0044271,GO:0044391,GO:0044422,GO:0044424,GO:0044428,GO:0044444,GO:0044445,GO:0044446,GO:0044464,GO:0045047,GO:0045184,GO:0046483,GO:0046700,GO:0046907,GO:0048519,GO:0050789,GO:0050896,GO:0051179,GO:0051234,GO:0051641,GO:0051649,GO:0060255,GO:0065007,GO:0070013,GO:0070727,GO:0070972,GO:0071702,GO:0071704,GO:0071705,GO:0072594,GO:0072599,GO:0072657,GO:0090150,GO:0090304,GO:1901360,GO:1901361,GO:1901564,GO:1901566,GO:1901575,GO:1901576,GO:1901698,GO:1990904
LOC124142404	GO:0003674,GO:0003779,GO:0003824,GO:0004672,GO:0004674,GO:0004683,GO:0004687,GO:0005198,GO:0005200,GO:0005488,GO:0005515,GO:0005575,GO:0005622,GO:0005623,GO:0005737,GO:0006464,GO:0006468,GO:0006793,GO:0006796,GO:0006807,GO:0006996,GO:0007010,GO:0008092,GO:0008150,GO:0008152,GO:0009987,GO:0016043,GO:0016301,GO:0016310,GO:0016740,GO:0016772,GO:0016773,GO:0019538,GO:0030016,GO:0030017,GO:0030018,GO:0030334,GO:0031674,GO:0032879,GO:0033043,GO:0036211,GO:0040012,GO:0043170,GO:0043226,GO:0043228,GO:0043229,GO:0043232,GO:0043292,GO:0043412,GO:0044237,GO:0044238,GO:0044260,GO:0044267,GO:0044422,GO:0044424,GO:0044444,GO:0044449,GO:0044464,GO:0044877,GO:0050789,GO:0050794,GO:0051015,GO:0051128,GO:0051270,GO:0051493,GO:0065007,GO:0071704,GO:0071840,GO:0099080,GO:0099081,GO:0099512,GO:0140096,GO:1901564,GO:2000145
LOC124143042	GO:0003674,GO:0005488,GO:0005515,GO:0005575,GO:0005623,GO:0005886,GO:0006810,GO:0006888,GO:0008092,GO:0008093,GO:0008150,GO:0016020,GO:0016192,GO:0030674,GO:0044464,GO:0046907,GO:0048193,GO:0051179,GO:0051234,GO:0051641,GO:0051649,GO:0060090,GO:0071944
LOC124143984	GO:0000003,GO:0000075,GO:0000077,GO:0000159,GO:0000278,GO:0000578,GO:0000775,GO:0003002,GO:0003006,GO:0003674,GO:0003824,GO:0004721,GO:0004722,GO:0005488,GO:0005515,GO:0005575,GO:0005622,GO:0005623,GO:0005634,GO:0005654,GO:0005694,GO:0005737,GO:0005794,GO:0005829,GO:0006464,GO:0006470,GO:0006508,GO:0006511,GO:0006793,GO:0006796,GO:0006807,GO:0006914,GO:0006915,GO:0006950,GO:0006974,GO:0006977,GO:0006996,GO:0007028,GO:0007049,GO:0007093,GO:0007154,GO:0007165,GO:0007267,GO:0007268,GO:0007274,GO:0007275,GO:0007276,GO:0007281,GO:0007292,GO:0007308,GO:0007309,GO:0007314,GO:0007315,GO:0007346,GO:0007350,GO:0007351,GO:0007389,GO:0007399,GO:0007528,GO:0008150,GO:0008152,GO:0008219,GO:0008285,GO:0008287,GO:0008358,GO:0008595,GO:0008630,GO:0009056,GO:0009057,GO:0009790,GO:0009798,GO:0009880,GO:0009948,GO:0009952,GO:0009966,GO:0009968,GO:0009987,GO:0009994,GO:0010498,GO:0010564,GO:0010646,GO:0010648,GO:0010921,GO:0010941,GO:0010948,GO:0012501,GO:0012505,GO:0014066,GO:0016043,GO:0016311,GO:0016787,GO:0016788,GO:0016791,GO:0019208,GO:0019220,GO:0019222,GO:0019538,GO:0019888,GO:0019941,GO:0019953,GO:0021700,GO:0022402,GO:0022412,GO:0022414,GO:0022607,GO:0022613,GO:0022618,GO:0023051,GO:0023052,GO:0023057,GO:0030154,GO:0030163,GO:0030234,GO:0030330,GO:0030719,GO:0031323,GO:0031399,GO:0031570,GO:0031571,GO:0031974,GO:0031981,GO:0032006,GO:0032007,GO:0032268,GO:0032501,GO:0032502,GO:0032504,GO:0032991,GO:0033554,GO:0034622,GO:0035282,GO:0035303,GO:0035304,GO:0035556,GO:0036211,GO:0042127,GO:0042578,GO:0042592,GO:0042770,GO:0042771,GO:0042981,GO:0043066,GO:0043067,GO:0043069,GO:0043161,GO:0043170,GO:0043226,GO:0043227,GO:0043228,GO:0043229,GO:0043231,GO:0043232,GO:0043233,GO:0043412,GO:0043632,GO:0043666,GO:0043933,GO:0044085,GO:0044237,GO:0044238,GO:0044248,GO:0044257,GO:0044260,GO:0044265,GO:0044267,GO:0044422,GO:0044424,GO:0044427,GO:0044428,GO:0044444,GO:0044446,GO:0044464,GO:0044703,GO:0044773,GO:0044774,GO:0044783,GO:0044819,GO:0045786,GO:0045787,GO:0045930,GO:0046626,GO:0046627,GO:0048468,GO:0048469,GO:0048477,GO:0048518,GO:0048519,GO:0048522,GO:0048523,GO:0048583,GO:0048585,GO:0048599,GO:0048609,GO:0048731,GO:0048856,GO:0048869,GO:0048878,GO:0050789,GO:0050790,GO:0050794,GO:0050808,GO:0050896,GO:0051171,GO:0051174,GO:0051179,GO:0051246,GO:0051336,GO:0051603,GO:0051640,GO:0051641,GO:0051648,GO:0051704,GO:0051716,GO:0051726,GO:0055088,GO:0055090,GO:0060255,GO:0060548,GO:0061919,GO:0065003,GO:0065007,GO:0065008,GO:0065009,GO:0070013,GO:0070328,GO:0070925,GO:0071156,GO:0071158,GO:0071704,GO:0071826,GO:0071840,GO:0072331,GO:0072332,GO:0072395,GO:0072401,GO:0072413,GO:0072422,GO:0072431,GO:0080090,GO:0090068,GO:0097190,GO:0097193,GO:0097479,GO:0098687,GO:0098772,GO:0098916,GO:0099536,GO:0099537,GO:0140096,GO:1900076,GO:1900077,GO:1901564,GO:1901565,GO:1901575,GO:1901987,GO:1901988,GO:1901990,GO:1901991,GO:1902400,GO:1902402,GO:1902403,GO:1902494,GO:1902531,GO:1902532,GO:1902806,GO:1902807,GO:1903047,GO:1903293,GO:1903432,GO:1903863,GO:1904262,GO:2000045,GO:2000134
LOC124144037	GO:0000003,GO:0000226,GO:0000278,GO:0000281,GO:0000302,GO:0000902,GO:0000910,GO:0000912,GO:0000915,GO:0001655,GO:0001667,GO:0001704,GO:0001707,GO:0001709,GO:0001932,GO:0001934,GO:0002009,GO:0003674,GO:0005085,GO:0005088,GO:0005089,GO:0005096,GO:0005102,GO:0005488,GO:0005515,GO:0005543,GO:0005575,GO:0005622,GO:0005623,GO:0005634,GO:0005737,GO:0005819,GO:0005829,GO:0005856,GO:0005886,GO:0005911,GO:0005923,GO:0005938,GO:0006928,GO:0006950,GO:0006979,GO:0006996,GO:0007010,GO:0007017,GO:0007043,GO:0007049,GO:0007051,GO:0007110,GO:0007111,GO:0007154,GO:0007165,GO:0007186,GO:0007275,GO:0007369,GO:0007399,GO:0007414,GO:0007415,GO:0007422,GO:0007442,GO:0007443,GO:0007498,GO:0007509,GO:0008037,GO:0008038,GO:0008047,GO:0008078,GO:0008104,GO:0008150,GO:0008289,GO:0008360,GO:0008361,GO:0009314,GO:0009628,GO:0009636,GO:0009653,GO:0009790,GO:0009888,GO:0009893,GO:0009966,GO:0009968,GO:0009987,GO:0010035,GO:0010038,GO:0010212,GO:0010562,GO:0010564,GO:0010604,GO:0010646,GO:0010648,GO:0010720,GO:0010769,GO:0010941,GO:0010942,GO:0010975,GO:0015630,GO:0016020,GO:0016043,GO:0016477,GO:0017016,GO:0017048,GO:0019220,GO:0019222,GO:0019899,GO:0022008,GO:0022402,GO:0022414,GO:0022603,GO:0022604,GO:0022607,GO:0023051,GO:0023052,GO:0023057,GO:0030029,GO:0030030,GO:0030036,GO:0030054,GO:0030111,GO:0030154,GO:0030178,GO:0030182,GO:0030215,GO:0030234,GO:0030496,GO:0030676,GO:0030695,GO:0030865,GO:0030866,GO:0031032,GO:0031175,GO:0031267,GO:0031323,GO:0031325,GO:0031344,GO:0031399,GO:0031401,GO:0032147,GO:0032153,GO:0032154,GO:0032155,GO:0032268,GO:0032270,GO:0032386,GO:0032388,GO:0032465,GO:0032467,GO:0032501,GO:0032502,GO:0032506,GO:0032507,GO:0032535,GO:0032879,GO:0032880,GO:0032970,GO:0032989,GO:0032991,GO:0033036,GO:0033157,GO:0033206,GO:0033554,GO:0033674,GO:0034329,GO:0034330,GO:0034599,GO:0034613,GO:0034614,GO:0035091,GO:0035239,GO:0035295,GO:0035690,GO:0040011,GO:0042074,GO:0042221,GO:0042306,GO:0042307,GO:0042325,GO:0042327,GO:0042493,GO:0042542,GO:0042802,GO:0042803,GO:0042981,GO:0043065,GO:0043067,GO:0043068,GO:0043085,GO:0043087,GO:0043167,GO:0043168,GO:0043226,GO:0043227,GO:0043228,GO:0043229,GO:0043231,GO:0043232,GO:0043296,GO:0043297,GO:0043547,GO:0043549,GO:0043933,GO:0044085,GO:0044093,GO:0044422,GO:0044424,GO:0044425,GO:0044430,GO:0044444,GO:0044446,GO:0044459,GO:0044464,GO:0044837,GO:0045165,GO:0045167,GO:0045185,GO:0045216,GO:0045595,GO:0045597,GO:0045664,GO:0045666,GO:0045787,GO:0045792,GO:0045859,GO:0045860,GO:0045937,GO:0046677,GO:0046822,GO:0046824,GO:0046983,GO:0048332,GO:0048365,GO:0048468,GO:0048513,GO:0048518,GO:0048519,GO:0048522,GO:0048523,GO:0048546,GO:0048565,GO:0048583,GO:0048585,GO:0048598,GO:0048619,GO:0048646,GO:0048666,GO:0048699,GO:0048729,GO:0048731,GO:0048856,GO:0048869,GO:0048870,GO:0050767,GO:0050769,GO:0050770,GO:0050789,GO:0050790,GO:0050793,GO:0050794,GO:0050896,GO:0051020,GO:0051049,GO:0051050,GO:0051056,GO:0051094,GO:0051128,GO:0051171,GO:0051173,GO:0051174,GO:0051179,GO:0051222,GO:0051223,GO:0051225,GO:0051235,GO:0051239,GO:0051240,GO:0051246,GO:0051247,GO:0051259,GO:0051260,GO:0051301,GO:0051302,GO:0051321,GO:0051336,GO:0051338,GO:0051345,GO:0051347,GO:0051592,GO:0051641,GO:0051651,GO:0051674,GO:0051716,GO:0051726,GO:0051781,GO:0051960,GO:0051962,GO:0051983,GO:0051988,GO:0055123,GO:0060255,GO:0060284,GO:0060341,GO:0060429,GO:0060562,GO:0060589,GO:0060828,GO:0061326,GO:0061333,GO:0061525,GO:0061564,GO:0061640,GO:0061982,GO:0061983,GO:0065003,GO:0065007,GO:0065008,GO:0065009,GO:0070160,GO:0070201,GO:0070301,GO:0070727,GO:0070830,GO:0070887,GO:0070925,GO:0071214,GO:0071236,GO:0071241,GO:0071248,GO:0071277,GO:0071478,GO:0071479,GO:0071840,GO:0071944,GO:0072001,GO:0072002,GO:0072686,GO:0080090,GO:0090066,GO:0090068,GO:0090087,GO:0090090,GO:0090130,GO:0090316,GO:0090630,GO:0097149,GO:0097237,GO:0098590,GO:0098772,GO:0099568,GO:0104004,GO:0120035,GO:0120036,GO:1900180,GO:1900182,GO:1901700,GO:1901701,GO:1901981,GO:1902407,GO:1902410,GO:1902531,GO:1903046,GO:1903047,GO:1903475,GO:1903827,GO:1903829,GO:1904589,GO:1904591,GO:1904951,GO:2000026
LOC124144503	GO:0003674,GO:0005215,GO:0005575,GO:0005623,GO:0005886,GO:0005887,GO:0006810,GO:0006811,GO:0006820,GO:0006857,GO:0006869,GO:0008150,GO:0008509,GO:0008514,GO:0009925,GO:0009986,GO:0010876,GO:0015075,GO:0015291,GO:0015347,GO:0015711,GO:0015718,GO:0015732,GO:0015833,GO:0015849,GO:0015908,GO:0016020,GO:0016021,GO:0016323,GO:0016324,GO:0022804,GO:0022857,GO:0031224,GO:0031226,GO:0033036,GO:0034220,GO:0035672,GO:0035673,GO:0042886,GO:0042887,GO:0043252,GO:0044425,GO:0044459,GO:0044464,GO:0045177,GO:0045178,GO:0046942,GO:0051179,GO:0051234,GO:0055085,GO:0071702,GO:0071705,GO:0071715,GO:0071944,GO:0098590,GO:0098656,GO:1901571,GO:1904680
LOC124145206	GO:0000075,GO:0000077,GO:0000278,GO:0002020,GO:0003674,GO:0005488,GO:0005515,GO:0005575,GO:0005622,GO:0005623,GO:0005634,GO:0005737,GO:0005829,GO:0006915,GO:0006919,GO:0006950,GO:0006974,GO:0006977,GO:0007049,GO:0007093,GO:0007154,GO:0007165,GO:0007166,GO:0007346,GO:0008150,GO:0008219,GO:0008625,GO:0009605,GO:0009612,GO:0009628,GO:0009893,GO:0009966,GO:0009967,GO:0009987,GO:0010564,GO:0010604,GO:0010646,GO:0010647,GO:0010941,GO:0010942,GO:0010948,GO:0010950,GO:0010952,GO:0012501,GO:0019222,GO:0019899,GO:0019904,GO:0022402,GO:0023051,GO:0023052,GO:0023056,GO:0030162,GO:0030330,GO:0030674,GO:0031323,GO:0031325,GO:0031570,GO:0031571,GO:0032268,GO:0032270,GO:0033554,GO:0035556,GO:0042770,GO:0042981,GO:0043065,GO:0043067,GO:0043068,GO:0043085,GO:0043226,GO:0043227,GO:0043229,GO:0043231,GO:0043280,GO:0043281,GO:0044093,GO:0044424,GO:0044444,GO:0044464,GO:0044773,GO:0044774,GO:0044783,GO:0044819,GO:0045786,GO:0045787,GO:0045862,GO:0045930,GO:0048518,GO:0048519,GO:0048522,GO:0048523,GO:0048583,GO:0048584,GO:0050789,GO:0050790,GO:0050794,GO:0050896,GO:0051171,GO:0051173,GO:0051246,GO:0051247,GO:0051336,GO:0051345,GO:0051716,GO:0051726,GO:0052547,GO:0052548,GO:0060090,GO:0060255,GO:0065007,GO:0065009,GO:0070513,GO:0071156,GO:0071158,GO:0071214,GO:0071260,GO:0071496,GO:0072331,GO:0072395,GO:0072401,GO:0072413,GO:0072422,GO:0072431,GO:0080090,GO:0090068,GO:0097190,GO:0097191,GO:0104004,GO:1901987,GO:1901988,GO:1901990,GO:1901991,GO:1902400,GO:1902402,GO:1902403,GO:1902806,GO:1902807,GO:1903047,GO:2000045,GO:2000116,GO:2000134,GO:2001056,GO:2001233,GO:2001235
LOC124145682	GO:0006950,GO:0006952,GO:0008150,GO:0009605,GO:0009607,GO:0009617,GO:0042742,GO:0043207,GO:0050830,GO:0050896,GO:0051704,GO:0051707,GO:0098542
LOC124146018	GO:0003008,GO:0003012,GO:0005575,GO:0005576,GO:0005604,GO:0005622,GO:0005623,GO:0005737,GO:0005938,GO:0006936,GO:0006939,GO:0008150,GO:0030054,GO:0030334,GO:0030335,GO:0031012,GO:0032501,GO:0032879,GO:0040012,GO:0040017,GO:0044421,GO:0044424,GO:0044444,GO:0044464,GO:0048518,GO:0048522,GO:0050789,GO:0050794,GO:0051270,GO:0051272,GO:0062023,GO:0065007,GO:0071944,GO:0099568,GO:2000145,GO:2000147
LOC124146512	GO:0005575,GO:0005622,GO:0005623,GO:0005634,GO:0005654,GO:0006325,GO:0006342,GO:0006348,GO:0006355,GO:0006996,GO:0008150,GO:0009889,GO:0009890,GO:0009892,GO:0009987,GO:0010468,GO:0010556,GO:0010558,GO:0010605,GO:0010629,GO:0016043,GO:0016458,GO:0019219,GO:0019222,GO:0031323,GO:0031324,GO:0031326,GO:0031327,GO:0031974,GO:0031981,GO:0032991,GO:0034708,GO:0035097,GO:0040029,GO:0043226,GO:0043227,GO:0043229,GO:0043231,GO:0043233,GO:0044422,GO:0044424,GO:0044428,GO:0044446,GO:0044451,GO:0044464,GO:0045814,GO:0045892,GO:0045934,GO:0048188,GO:0048519,GO:0048523,GO:0050789,GO:0050794,GO:0051171,GO:0051172,GO:0051252,GO:0051253,GO:0051276,GO:0060255,GO:0065007,GO:0070013,GO:0071840,GO:0080090,GO:1902494,GO:1902679,GO:1903506,GO:1903507,GO:1990234,GO:2000112,GO:2000113,GO:2001141
LOC124146709	GO:0005575,GO:0005623,GO:0005886,GO:0005887,GO:0007154,GO:0007155,GO:0007267,GO:0007275,GO:0007399,GO:0008150,GO:0009987,GO:0016020,GO:0016021,GO:0022610,GO:0023052,GO:0031224,GO:0031226,GO:0032501,GO:0032502,GO:0044425,GO:0044459,GO:0044464,GO:0048731,GO:0048856,GO:0071944
LOC124148587	GO:0000981,GO:0003674,GO:0003700,GO:0006355,GO:0006357,GO:0008150,GO:0009889,GO:0010468,GO:0010556,GO:0019219,GO:0019222,GO:0031323,GO:0031326,GO:0050789,GO:0050794,GO:0051171,GO:0051252,GO:0060255,GO:0065007,GO:0080090,GO:0140110,GO:1903506,GO:2000112,GO:2001141
LOC124148915	GO:0000086,GO:0000226,GO:0000278,GO:0005575,GO:0005622,GO:0005623,GO:0005737,GO:0005813,GO:0005815,GO:0005829,GO:0005856,GO:0005875,GO:0006996,GO:0007010,GO:0007017,GO:0007049,GO:0007051,GO:0007098,GO:0007346,GO:0008150,GO:0009987,GO:0010389,GO:0010564,GO:0015630,GO:0016043,GO:0022402,GO:0022406,GO:0022607,GO:0030030,GO:0030031,GO:0031023,GO:0032991,GO:0043226,GO:0043228,GO:0043229,GO:0043232,GO:0044085,GO:0044422,GO:0044424,GO:0044430,GO:0044444,GO:0044446,GO:0044464,GO:0044770,GO:0044772,GO:0044782,GO:0044839,GO:0050789,GO:0050794,GO:0051179,GO:0051225,GO:0051640,GO:0051641,GO:0051726,GO:0060271,GO:0065007,GO:0070652,GO:0070925,GO:0071840,GO:0097711,GO:0120031,GO:0120036,GO:0140056,GO:1901987,GO:1901990,GO:1902749,GO:1903047
LOC124149340	GO:0001889,GO:0002376,GO:0002474,GO:0002478,GO:0002495,GO:0002504,GO:0003674,GO:0005198,GO:0005488,GO:0005515,GO:0005575,GO:0005622,GO:0005623,GO:0005737,GO:0005768,GO:0005783,GO:0005789,GO:0005794,GO:0005795,GO:0005798,GO:0005829,GO:0006810,GO:0006888,GO:0006900,GO:0006901,GO:0006903,GO:0006950,GO:0006986,GO:0006996,GO:0007029,GO:0007154,GO:0007165,GO:0007275,GO:0008150,GO:0009987,GO:0010033,GO:0010035,GO:0010038,GO:0010256,GO:0012505,GO:0012506,GO:0012507,GO:0016020,GO:0016043,GO:0016050,GO:0016192,GO:0019882,GO:0019884,GO:0019886,GO:0022607,GO:0023052,GO:0030117,GO:0030120,GO:0030127,GO:0030133,GO:0030134,GO:0030135,GO:0030658,GO:0030659,GO:0030660,GO:0030662,GO:0030968,GO:0031090,GO:0031410,GO:0031982,GO:0031984,GO:0032501,GO:0032502,GO:0032991,GO:0033554,GO:0034620,GO:0034622,GO:0034976,GO:0035459,GO:0035966,GO:0035967,GO:0036498,GO:0042175,GO:0042221,GO:0043226,GO:0043227,GO:0043229,GO:0043231,GO:0043933,GO:0044085,GO:0044422,GO:0044424,GO:0044425,GO:0044431,GO:0044432,GO:0044433,GO:0044444,GO:0044446,GO:0044464,GO:0046907,GO:0048002,GO:0048193,GO:0048194,GO:0048199,GO:0048207,GO:0048208,GO:0048306,GO:0048471,GO:0048475,GO:0048513,GO:0048731,GO:0048732,GO:0048856,GO:0050789,GO:0050794,GO:0050896,GO:0051179,GO:0051234,GO:0051592,GO:0051640,GO:0051641,GO:0051648,GO:0051649,GO:0051650,GO:0051656,GO:0051668,GO:0051716,GO:0055123,GO:0061008,GO:0061024,GO:0065003,GO:0065007,GO:0070887,GO:0070971,GO:0071310,GO:0071840,GO:0090110,GO:0090114,GO:0097708,GO:0098588,GO:0098791,GO:0098796,GO:0098805,GO:0098827
LOC124150081	GO:0000228,GO:0000793,GO:0000794,GO:0002682,GO:0002683,GO:0003674,GO:0003676,GO:0003723,GO:0005488,GO:0005575,GO:0005622,GO:0005623,GO:0005634,GO:0005654,GO:0005694,GO:0005730,GO:0005737,GO:0005739,GO:0006139,GO:0006364,GO:0006396,GO:0006403,GO:0006405,GO:0006409,GO:0006611,GO:0006725,GO:0006807,GO:0006810,GO:0006886,GO:0006913,GO:0008104,GO:0008150,GO:0008152,GO:0009987,GO:0010467,GO:0015031,GO:0015833,GO:0015931,GO:0016070,GO:0016072,GO:0022613,GO:0030684,GO:0030686,GO:0031347,GO:0031348,GO:0031503,GO:0031974,GO:0031981,GO:0032040,GO:0032545,GO:0032991,GO:0033036,GO:0034456,GO:0034470,GO:0034613,GO:0034641,GO:0034660,GO:0042254,GO:0042886,GO:0043170,GO:0043226,GO:0043227,GO:0043228,GO:0043229,GO:0043231,GO:0043232,GO:0043233,GO:0044085,GO:0044237,GO:0044238,GO:0044422,GO:0044424,GO:0044428,GO:0044444,GO:0044446,GO:0044452,GO:0044464,GO:0045088,GO:0045184,GO:0045824,GO:0046483,GO:0046907,GO:0048519,GO:0048583,GO:0048585,GO:0050657,GO:0050658,GO:0050776,GO:0050777,GO:0050789,GO:0051031,GO:0051168,GO:0051169,GO:0051179,GO:0051234,GO:0051236,GO:0051641,GO:0051649,GO:0065007,GO:0070013,GO:0070727,GO:0071166,GO:0071426,GO:0071431,GO:0071702,GO:0071704,GO:0071705,GO:0071840,GO:0080134,GO:0090304,GO:0097064,GO:0097159,GO:1901360,GO:1901363,GO:1990904
LOC124150359	GO:0001523,GO:0001568,GO:0001701,GO:0001775,GO:0001944,GO:0002020,GO:0002252,GO:0002263,GO:0002265,GO:0002376,GO:0003205,GO:0003279,GO:0003674,GO:0005041,GO:0005044,GO:0005102,GO:0005215,GO:0005488,GO:0005509,GO:0005515,GO:0005575,GO:0005622,GO:0005623,GO:0005634,GO:0005737,GO:0005768,GO:0005769,GO:0005886,GO:0005887,GO:0005905,GO:0006066,GO:0006629,GO:0006720,GO:0006721,GO:0006810,GO:0006897,GO:0006898,GO:0006909,GO:0006955,GO:0007154,GO:0007165,GO:0007186,GO:0007205,GO:0007275,GO:0007399,GO:0007417,GO:0007507,GO:0008104,GO:0008150,GO:0008152,GO:0008202,GO:0008203,GO:0008283,GO:0008565,GO:0009653,GO:0009719,GO:0009790,GO:0009792,GO:0009893,GO:0009894,GO:0009896,GO:0009966,GO:0009968,GO:0009987,GO:0010001,GO:0010033,GO:0010243,GO:0010517,GO:0010604,GO:0010640,GO:0010642,GO:0010646,GO:0010648,GO:0010715,GO:0010721,GO:0010874,GO:0010875,GO:0010941,GO:0010942,GO:0010975,GO:0010977,GO:0012505,GO:0012506,GO:0014002,GO:0014910,GO:0014912,GO:0015031,GO:0015833,GO:0016020,GO:0016021,GO:0016101,GO:0016125,GO:0016192,GO:0016323,GO:0016964,GO:0019222,GO:0019899,GO:0021782,GO:0022008,GO:0023051,GO:0023052,GO:0023057,GO:0030100,GO:0030111,GO:0030135,GO:0030136,GO:0030139,GO:0030154,GO:0030178,GO:0030226,GO:0030228,GO:0030276,GO:0030334,GO:0030336,GO:0030425,GO:0030659,GO:0030666,GO:0031090,GO:0031224,GO:0031226,GO:0031323,GO:0031325,GO:0031329,GO:0031331,GO:0031344,GO:0031345,GO:0031410,GO:0031623,GO:0031982,GO:0032050,GO:0032092,GO:0032268,GO:0032270,GO:0032368,GO:0032370,GO:0032371,GO:0032373,GO:0032374,GO:0032376,GO:0032429,GO:0032501,GO:0032502,GO:0032879,GO:0032880,GO:0032956,GO:0032970,GO:0032991,GO:0033036,GO:0033043,GO:0034185,GO:0035239,GO:0035295,GO:0035904,GO:0035909,GO:0036477,GO:0038023,GO:0038024,GO:0040012,GO:0040013,GO:0042063,GO:0042176,GO:0042221,GO:0042886,GO:0042953,GO:0042954,GO:0042981,GO:0042995,GO:0043005,GO:0043009,GO:0043025,GO:0043066,GO:0043067,GO:0043069,GO:0043112,GO:0043167,GO:0043168,GO:0043169,GO:0043170,GO:0043226,GO:0043227,GO:0043229,GO:0043231,GO:0043235,GO:0043277,GO:0043393,GO:0043394,GO:0043395,GO:0043523,GO:0043524,GO:0044093,GO:0044237,GO:0044238,GO:0044255,GO:0044260,GO:0044281,GO:0044297,GO:0044422,GO:0044424,GO:0044425,GO:0044433,GO:0044444,GO:0044446,GO:0044459,GO:0044463,GO:0044464,GO:0044872,GO:0044877,GO:0045056,GO:0045184,GO:0045595,GO:0045596,GO:0045664,GO:0045665,GO:0045732,GO:0045807,GO:0046872,GO:0048143,GO:0048468,GO:0048471,GO:0048513,GO:0048514,GO:0048518,GO:0048519,GO:0048522,GO:0048523,GO:0048583,GO:0048585,GO:0048699,GO:0048708,GO:0048731,GO:0048844,GO:0048856,GO:0048869,GO:0050750,GO:0050767,GO:0050768,GO:0050789,GO:0050790,GO:0050793,GO:0050794,GO:0050896,GO:0051049,GO:0051050,GO:0051093,GO:0051098,GO:0051099,GO:0051128,GO:0051129,GO:0051130,GO:0051171,GO:0051173,GO:0051179,GO:0051222,GO:0051223,GO:0051234,GO:0051239,GO:0051240,GO:0051241,GO:0051246,GO:0051247,GO:0051270,GO:0051271,GO:0051336,GO:0051493,GO:0051716,GO:0051960,GO:0051961,GO:0060089,GO:0060191,GO:0060255,GO:0060284,GO:0060341,GO:0060548,GO:0060627,GO:0060840,GO:0060976,GO:0061900,GO:0065007,GO:0065009,GO:0070201,GO:0070325,GO:0070887,GO:0071310,GO:0071417,GO:0071495,GO:0071702,GO:0071704,GO:0071705,GO:0071944,GO:0072358,GO:0072359,GO:0080090,GO:0090087,GO:0097242,GO:0097367,GO:0097447,GO:0097458,GO:0097708,GO:0098588,GO:0098590,GO:0098657,GO:0098796,GO:0098797,GO:0098805,GO:0120025,GO:0120035,GO:0120038,GO:1900221,GO:1900223,GO:1901214,GO:1901215,GO:1901360,GO:1901615,GO:1901652,GO:1901653,GO:1901681,GO:1901698,GO:1901699,GO:1901700,GO:1901701,GO:1902652,GO:1903053,GO:1903076,GO:1903078,GO:1903362,GO:1903364,GO:1903827,GO:1903829,GO:1904350,GO:1904352,GO:1904375,GO:1904377,GO:1904645,GO:1904646,GO:1904951,GO:1905165,GO:1905167,GO:1905475,GO:1905477,GO:1905952,GO:1905954,GO:2000026,GO:2000145,GO:2000146,GO:2000586,GO:2000587
LOC124150425	GO:0000228,GO:0000785,GO:0000786,GO:0000790,GO:0000791,GO:0000792,GO:0000976,GO:0000977,GO:0000978,GO:0000979,GO:0000980,GO:0000987,GO:0001012,GO:0001046,GO:0001047,GO:0001067,GO:0001158,GO:0003674,GO:0003676,GO:0003677,GO:0003682,GO:0003690,GO:0005488,GO:0005575,GO:0005622,GO:0005623,GO:0005634,GO:0005694,GO:0005700,GO:0005701,GO:0005719,GO:0005720,GO:0006325,GO:0006342,GO:0006355,GO:0006357,GO:0006996,GO:0008104,GO:0008150,GO:0009719,GO:0009725,GO:0009889,GO:0009890,GO:0009891,GO:0009892,GO:0009893,GO:0009987,GO:0010033,GO:0010243,GO:0010369,GO:0010468,GO:0010556,GO:0010557,GO:0010558,GO:0010604,GO:0010605,GO:0010628,GO:0010629,GO:0014070,GO:0016043,GO:0016458,GO:0019219,GO:0019222,GO:0019827,GO:0030718,GO:0031323,GO:0031324,GO:0031325,GO:0031326,GO:0031327,GO:0031328,GO:0031490,GO:0031491,GO:0031492,GO:0031974,GO:0031981,GO:0032355,GO:0032501,GO:0032502,GO:0032868,GO:0032869,GO:0032870,GO:0032991,GO:0032993,GO:0033036,GO:0033365,GO:0033993,GO:0034502,GO:0034613,GO:0035019,GO:0035326,GO:0035861,GO:0036098,GO:0040029,GO:0042221,GO:0043226,GO:0043227,GO:0043228,GO:0043229,GO:0043231,GO:0043232,GO:0043233,GO:0043434,GO:0043565,GO:0044212,GO:0044422,GO:0044424,GO:0044427,GO:0044428,GO:0044446,GO:0044454,GO:0044464,GO:0044815,GO:0044877,GO:0045814,GO:0045892,GO:0045893,GO:0045934,GO:0045935,GO:0045944,GO:0048518,GO:0048519,GO:0048522,GO:0048523,GO:0050789,GO:0050794,GO:0050896,GO:0051171,GO:0051172,GO:0051173,GO:0051179,GO:0051252,GO:0051253,GO:0051254,GO:0051276,GO:0051641,GO:0051716,GO:0060255,GO:0065007,GO:0070013,GO:0070727,GO:0070887,GO:0071168,GO:0071310,GO:0071375,GO:0071392,GO:0071396,GO:0071407,GO:0071417,GO:0071495,GO:0071840,GO:0080090,GO:0090734,GO:0097159,GO:0098687,GO:0098727,GO:1901363,GO:1901652,GO:1901653,GO:1901698,GO:1901699,GO:1901700,GO:1901701,GO:1902679,GO:1902680,GO:1903506,GO:1903507,GO:1903508,GO:1990837,GO:2000112,GO:2000113,GO:2001141
LOC124151641	GO:0000151,GO:0000209,GO:0003674,GO:0003824,GO:0004842,GO:0005488,GO:0005515,GO:0005575,GO:0005622,GO:0005623,GO:0005737,GO:0006464,GO:0006807,GO:0008150,GO:0008152,GO:0009893,GO:0009894,GO:0009896,GO:0009987,GO:0010604,GO:0016567,GO:0016740,GO:0019222,GO:0019538,GO:0019787,GO:0019899,GO:0030162,GO:0031323,GO:0031325,GO:0031329,GO:0031331,GO:0031624,GO:0032268,GO:0032270,GO:0032434,GO:0032436,GO:0032446,GO:0032991,GO:0036211,GO:0042176,GO:0043170,GO:0043412,GO:0044237,GO:0044238,GO:0044260,GO:0044267,GO:0044390,GO:0044424,GO:0044464,GO:0045732,GO:0045862,GO:0048518,GO:0048522,GO:0050789,GO:0050794,GO:0051171,GO:0051173,GO:0051246,GO:0051247,GO:0060255,GO:0061136,GO:0061630,GO:0061659,GO:0065007,GO:0070647,GO:0071704,GO:0080090,GO:0140096,GO:1901564,GO:1901800,GO:1902494,GO:1903050,GO:1903052,GO:1903362,GO:1903364,GO:1990234,GO:2000058,GO:2000060
LOC124151701	GO:0003674,GO:0003824,GO:0004601,GO:0006950,GO:0006952,GO:0008150,GO:0008152,GO:0009605,GO:0009607,GO:0009617,GO:0009636,GO:0009987,GO:0016209,GO:0016491,GO:0016684,GO:0042221,GO:0042742,GO:0043207,GO:0050830,GO:0050896,GO:0051704,GO:0051707,GO:0051716,GO:0055114,GO:0070887,GO:0097237,GO:0098542,GO:0098754,GO:0098869,GO:1990748
LOC125376166	GO:0001676,GO:0001775,GO:0002252,GO:0002263,GO:0002274,GO:0002275,GO:0002283,GO:0002366,GO:0002376,GO:0002443,GO:0002444,GO:0002446,GO:0002526,GO:0002532,GO:0002538,GO:0002540,GO:0003008,GO:0003013,GO:0003018,GO:0003674,GO:0003824,GO:0004051,GO:0005488,GO:0005506,GO:0005575,GO:0005576,GO:0005622,GO:0005623,GO:0005634,GO:0005635,GO:0005641,GO:0005654,GO:0005737,GO:0005829,GO:0005886,GO:0006082,GO:0006629,GO:0006631,GO:0006633,GO:0006690,GO:0006691,GO:0006810,GO:0006887,GO:0006950,GO:0006952,GO:0006954,GO:0006955,GO:0007154,GO:0007165,GO:0007166,GO:0007584,GO:0007600,GO:0008015,GO:0008150,GO:0008152,GO:0008610,GO:0009058,GO:0009605,GO:0009628,GO:0009987,GO:0009991,GO:0010033,GO:0012505,GO:0016020,GO:0016053,GO:0016192,GO:0016363,GO:0016491,GO:0016701,GO:0016702,GO:0019221,GO:0019229,GO:0019233,GO:0019369,GO:0019370,GO:0019372,GO:0019752,GO:0023052,GO:0030141,GO:0030425,GO:0031090,GO:0031410,GO:0031667,GO:0031965,GO:0031967,GO:0031970,GO:0031974,GO:0031975,GO:0031981,GO:0031982,GO:0031983,GO:0032501,GO:0032787,GO:0032940,GO:0033559,GO:0034097,GO:0034399,GO:0034774,GO:0035150,GO:0035296,GO:0035655,GO:0036230,GO:0036296,GO:0036477,GO:0042119,GO:0042221,GO:0042383,GO:0042759,GO:0042995,GO:0043005,GO:0043167,GO:0043169,GO:0043226,GO:0043227,GO:0043229,GO:0043231,GO:0043233,GO:0043299,GO:0043312,GO:0043436,GO:0044057,GO:0044237,GO:0044238,GO:0044249,GO:0044255,GO:0044281,GO:0044283,GO:0044422,GO:0044424,GO:0044428,GO:0044433,GO:0044444,GO:0044446,GO:0044463,GO:0044464,GO:0045055,GO:0045321,GO:0045907,GO:0046394,GO:0046456,GO:0046872,GO:0046903,GO:0046914,GO:0048518,GO:0050789,GO:0050794,GO:0050877,GO:0050880,GO:0050896,GO:0051179,GO:0051213,GO:0051234,GO:0051239,GO:0051240,GO:0051716,GO:0055093,GO:0055114,GO:0060205,GO:0065007,GO:0065008,GO:0070013,GO:0070482,GO:0070673,GO:0070887,GO:0071310,GO:0071345,GO:0071351,GO:0071704,GO:0071944,GO:0072330,GO:0090066,GO:0097447,GO:0097458,GO:0097708,GO:0097746,GO:0099503,GO:0101002,GO:0120025,GO:0120038,GO:1901568,GO:1901570,GO:1901576,GO:1903522,GO:1903524,GO:1904813
LOC125382141	GO:0003674,GO:0003824,GO:0004843,GO:0006464,GO:0006508,GO:0006807,GO:0008150,GO:0008152,GO:0008233,GO:0008234,GO:0009987,GO:0016579,GO:0016787,GO:0019538,GO:0019783,GO:0036211,GO:0036459,GO:0043170,GO:0043412,GO:0044237,GO:0044238,GO:0044260,GO:0044267,GO:0070011,GO:0070536,GO:0070646,GO:0070647,GO:0071704,GO:0101005,GO:0140096,GO:1901564
